term ID	term description	observed gene count	background gene count	strength	signal	false discovery rate	matching proteins in your network (IDs)	matching proteins in your network (labels)
EFO:0007988	Myeloid white cell count	91	1390	0.54	1.54	5.62E-21	"9606.ENSP00000012443,9606.ENSP00000222345,9606.ENSP00000233954,9606.ENSP00000238936,9606.ENSP00000245414,9606.ENSP00000245934,9606.ENSP00000253814,9606.ENSP00000256190,9606.ENSP00000256707,9606.ENSP00000257604,9606.ENSP00000260361,9606.ENSP00000260502,9606.ENSP00000260762,9606.ENSP00000261438,9606.ENSP00000262094,9606.ENSP00000263266,9606.ENSP00000264257,9606.ENSP00000265709,9606.ENSP00000268182,9606.ENSP00000274008,9606.ENSP00000282728,9606.ENSP00000286364,9606.ENSP00000288680,9606.ENSP00000292852,9606.ENSP00000296859,9606.ENSP00000296871,9606.ENSP00000304004,9606.ENSP00000310620,9606.ENSP00000315630,9606.ENSP00000322218,9606.ENSP00000322775,9606.ENSP00000324856,9606.ENSP00000331532,9606.ENSP00000332013,9606.ENSP00000338629,9606.ENSP00000344544,9606.ENSP00000345492,9606.ENSP00000346103,9606.ENSP00000349577,9606.ENSP00000354733,9606.ENSP00000356828,9606.ENSP00000358909,9606.ENSP00000358921,9606.ENSP00000359073,9606.ENSP00000365625,9606.ENSP00000366783,9606.ENSP00000366897,9606.ENSP00000366915,9606.ENSP00000367991,9606.ENSP00000368356,9606.ENSP00000368632,9606.ENSP00000368880,9606.ENSP00000377668,9606.ENSP00000379111,9606.ENSP00000381237,9606.ENSP00000382342,9606.ENSP00000382800,9606.ENSP00000384371,9606.ENSP00000385808,9606.ENSP00000386921,9606.ENSP00000387122,9606.ENSP00000387211,9606.ENSP00000390076,9606.ENSP00000391249,9606.ENSP00000393566,9606.ENSP00000397441,9606.ENSP00000400333,9606.ENSP00000401946,9606.ENSP00000402674,9606.ENSP00000407685,9606.ENSP00000408146,9606.ENSP00000410007,9606.ENSP00000421985,9606.ENSP00000426387,9606.ENSP00000429309,9606.ENSP00000439601,9606.ENSP00000439800,9606.ENSP00000443216,9606.ENSP00000446100,9606.ENSP00000446576,9606.ENSP00000447731,9606.ENSP00000451575,9606.ENSP00000457733,9606.ENSP00000469158,9606.ENSP00000474253,9606.ENSP00000475489,9606.ENSP00000478303,9606.ENSP00000483486,9606.ENSP00000491657,9606.ENSP00000496577,9606.ENSP00000497997"	"PPP5C,SIPA1L3,IL1RL1,MFSD13A,IRF1,SYMPK,NDFIP1,SBF2,KIDINS220,TRAFD1,NDUFAF1,BCAR3,EXOC6,KLF3,RAB27B,FAM83E,IL1RL2,ANK1,IQGAP1,SPATA5,HHEX,RASA2,SPPL3,FBXO17,RAPGEF6,CSF2,FOXA3,SNX32,SWAP70,PITPNM2,RHBDF2,STK11,SPATA32,ZGPAT,RERE,IKZF3,SH2B3,GPX4,PRODH,SBNO2,RCSD1,SFXN2,ACTR1A,VAV3,DHX16,HECTD4,KLF12,KLF5,SEPTIN8,PRKD3,GATA3,FOXO1,SUOX,IL4R,HM13,ABCC1,RUNX3,BCL6,KIF3A,TBC1D14,CLEC16A,IL18R1,ZSCAN31,SEPTIN9,HLA-DPA1,COG6,SNX27,TNRC6B,BHMG1,TNXB,HLA-DPB1,FBXO46,FNIP1,ZBTB38,TPD52,ARHGAP45,ZMYND8,TMEM258,CMIP,ATXN2,TMEM116,ASB2,SLC25A24,SPHK2,SETD1B,MPHOSPH9,POLR2E,ARFRP1,LPP,SOCS1,MALT1"
EFO:0007987	Granulocyte count	86	1288	0.55	1.55	2.25E-20	"9606.ENSP00000012443,9606.ENSP00000222345,9606.ENSP00000233954,9606.ENSP00000238936,9606.ENSP00000245414,9606.ENSP00000245934,9606.ENSP00000253814,9606.ENSP00000256190,9606.ENSP00000256707,9606.ENSP00000257604,9606.ENSP00000260361,9606.ENSP00000260762,9606.ENSP00000261438,9606.ENSP00000262094,9606.ENSP00000263266,9606.ENSP00000264257,9606.ENSP00000265709,9606.ENSP00000268182,9606.ENSP00000274008,9606.ENSP00000282728,9606.ENSP00000286364,9606.ENSP00000288680,9606.ENSP00000292852,9606.ENSP00000296859,9606.ENSP00000296871,9606.ENSP00000304004,9606.ENSP00000310620,9606.ENSP00000322218,9606.ENSP00000322775,9606.ENSP00000324856,9606.ENSP00000332013,9606.ENSP00000338629,9606.ENSP00000344544,9606.ENSP00000345492,9606.ENSP00000346103,9606.ENSP00000349577,9606.ENSP00000354733,9606.ENSP00000356828,9606.ENSP00000358909,9606.ENSP00000358921,9606.ENSP00000359073,9606.ENSP00000365625,9606.ENSP00000366783,9606.ENSP00000366897,9606.ENSP00000366915,9606.ENSP00000367991,9606.ENSP00000368356,9606.ENSP00000368632,9606.ENSP00000368880,9606.ENSP00000377668,9606.ENSP00000379111,9606.ENSP00000381237,9606.ENSP00000382342,9606.ENSP00000382800,9606.ENSP00000384371,9606.ENSP00000385808,9606.ENSP00000386921,9606.ENSP00000387122,9606.ENSP00000387211,9606.ENSP00000390076,9606.ENSP00000391249,9606.ENSP00000393566,9606.ENSP00000397441,9606.ENSP00000400333,9606.ENSP00000401946,9606.ENSP00000402674,9606.ENSP00000407685,9606.ENSP00000408146,9606.ENSP00000410007,9606.ENSP00000421985,9606.ENSP00000426387,9606.ENSP00000429309,9606.ENSP00000439601,9606.ENSP00000439800,9606.ENSP00000443216,9606.ENSP00000446100,9606.ENSP00000446576,9606.ENSP00000447731,9606.ENSP00000451575,9606.ENSP00000457733,9606.ENSP00000469158,9606.ENSP00000475489,9606.ENSP00000483486,9606.ENSP00000491657,9606.ENSP00000496577,9606.ENSP00000497997"	"PPP5C,SIPA1L3,IL1RL1,MFSD13A,IRF1,SYMPK,NDFIP1,SBF2,KIDINS220,TRAFD1,NDUFAF1,EXOC6,KLF3,RAB27B,FAM83E,IL1RL2,ANK1,IQGAP1,SPATA5,HHEX,RASA2,SPPL3,FBXO17,RAPGEF6,CSF2,FOXA3,SNX32,PITPNM2,RHBDF2,STK11,ZGPAT,RERE,IKZF3,SH2B3,GPX4,PRODH,SBNO2,RCSD1,SFXN2,ACTR1A,VAV3,DHX16,HECTD4,KLF12,KLF5,SEPTIN8,PRKD3,GATA3,FOXO1,SUOX,IL4R,HM13,ABCC1,RUNX3,BCL6,KIF3A,TBC1D14,CLEC16A,IL18R1,ZSCAN31,SEPTIN9,HLA-DPA1,COG6,SNX27,TNRC6B,BHMG1,TNXB,HLA-DPB1,FBXO46,FNIP1,ZBTB38,TPD52,ARHGAP45,ZMYND8,TMEM258,CMIP,ATXN2,TMEM116,ASB2,SLC25A24,SPHK2,MPHOSPH9,ARFRP1,LPP,SOCS1,MALT1"
EFO:0004308	Leukocyte count	109	2057	0.45	1.29	1.40E-19	"9606.ENSP00000012443,9606.ENSP00000198536,9606.ENSP00000222345,9606.ENSP00000233954,9606.ENSP00000238936,9606.ENSP00000245414,9606.ENSP00000245934,9606.ENSP00000246672,9606.ENSP00000253814,9606.ENSP00000256190,9606.ENSP00000256707,9606.ENSP00000257604,9606.ENSP00000260361,9606.ENSP00000260502,9606.ENSP00000260762,9606.ENSP00000261438,9606.ENSP00000262094,9606.ENSP00000263266,9606.ENSP00000264257,9606.ENSP00000265709,9606.ENSP00000266304,9606.ENSP00000268182,9606.ENSP00000274008,9606.ENSP00000282728,9606.ENSP00000286364,9606.ENSP00000288680,9606.ENSP00000292852,9606.ENSP00000296859,9606.ENSP00000296871,9606.ENSP00000302413,9606.ENSP00000304004,9606.ENSP00000309285,9606.ENSP00000310620,9606.ENSP00000315630,9606.ENSP00000322218,9606.ENSP00000322775,9606.ENSP00000324856,9606.ENSP00000331532,9606.ENSP00000332013,9606.ENSP00000335632,9606.ENSP00000338629,9606.ENSP00000344544,9606.ENSP00000345492,9606.ENSP00000346103,9606.ENSP00000347345,9606.ENSP00000349577,9606.ENSP00000354733,9606.ENSP00000356828,9606.ENSP00000357909,9606.ENSP00000358909,9606.ENSP00000358921,9606.ENSP00000359073,9606.ENSP00000364163,9606.ENSP00000365625,9606.ENSP00000366628,9606.ENSP00000366783,9606.ENSP00000366897,9606.ENSP00000366915,9606.ENSP00000367991,9606.ENSP00000368356,9606.ENSP00000368632,9606.ENSP00000368880,9606.ENSP00000374490,9606.ENSP00000377668,9606.ENSP00000379111,9606.ENSP00000381237,9606.ENSP00000382342,9606.ENSP00000382800,9606.ENSP00000384371,9606.ENSP00000385808,9606.ENSP00000386921,9606.ENSP00000387122,9606.ENSP00000387211,9606.ENSP00000390076,9606.ENSP00000391249,9606.ENSP00000393566,9606.ENSP00000397441,9606.ENSP00000400333,9606.ENSP00000401946,9606.ENSP00000402674,9606.ENSP00000402760,9606.ENSP00000403323,9606.ENSP00000407685,9606.ENSP00000408146,9606.ENSP00000410007,9606.ENSP00000415517,9606.ENSP00000421985,9606.ENSP00000426387,9606.ENSP00000427421,9606.ENSP00000429309,9606.ENSP00000439601,9606.ENSP00000439800,9606.ENSP00000443216,9606.ENSP00000446100,9606.ENSP00000446576,9606.ENSP00000447731,9606.ENSP00000451575,9606.ENSP00000456480,9606.ENSP00000457733,9606.ENSP00000469158,9606.ENSP00000474253,9606.ENSP00000475489,9606.ENSP00000478303,9606.ENSP00000478754,9606.ENSP00000482457,9606.ENSP00000483486,9606.ENSP00000491657,9606.ENSP00000496577,9606.ENSP00000497997"	"PPP5C,PILRA,SIPA1L3,IL1RL1,MFSD13A,IRF1,SYMPK,NR1D1,NDFIP1,SBF2,KIDINS220,TRAFD1,NDUFAF1,BCAR3,EXOC6,KLF3,RAB27B,FAM83E,IL1RL2,ANK1,TEF,IQGAP1,SPATA5,HHEX,RASA2,SPPL3,FBXO17,RAPGEF6,CSF2,TPST1,FOXA3,CCDC96,SNX32,SWAP70,PITPNM2,RHBDF2,STK11,SPATA32,ZGPAT,CHP1,RERE,IKZF3,SH2B3,GPX4,POLR3H,PRODH,SBNO2,RCSD1,SEMA6C,SFXN2,ACTR1A,VAV3,NOTCH4,DHX16,GPR157,HECTD4,KLF12,KLF5,SEPTIN8,PRKD3,GATA3,FOXO1,DNAH17,SUOX,IL4R,HM13,ABCC1,RUNX3,BCL6,KIF3A,TBC1D14,CLEC16A,IL18R1,ZSCAN31,SEPTIN9,HLA-DPA1,COG6,SNX27,TNRC6B,BHMG1,SLC22A5,ARHGAP27,TNXB,HLA-DPB1,FBXO46,TSBP1,FNIP1,ZBTB38,CDC42SE2,TPD52,ARHGAP45,ZMYND8,TMEM258,CMIP,ATXN2,TMEM116,ASB2,SNX29,SLC25A24,SPHK2,SETD1B,MPHOSPH9,POLR2E,DDX6,PLCG2,ARFRP1,LPP,SOCS1,MALT1"
EFO:0004842	Eosinophil count	61	734	0.64	1.72	6.37E-18	"9606.ENSP00000012443,9606.ENSP00000222345,9606.ENSP00000233954,9606.ENSP00000245414,9606.ENSP00000245934,9606.ENSP00000253814,9606.ENSP00000256190,9606.ENSP00000260361,9606.ENSP00000260762,9606.ENSP00000261438,9606.ENSP00000264257,9606.ENSP00000274008,9606.ENSP00000282728,9606.ENSP00000286364,9606.ENSP00000288680,9606.ENSP00000292852,9606.ENSP00000296859,9606.ENSP00000296871,9606.ENSP00000304004,9606.ENSP00000322218,9606.ENSP00000322775,9606.ENSP00000338629,9606.ENSP00000344544,9606.ENSP00000345492,9606.ENSP00000346103,9606.ENSP00000354733,9606.ENSP00000359073,9606.ENSP00000365625,9606.ENSP00000366783,9606.ENSP00000366897,9606.ENSP00000367991,9606.ENSP00000368632,9606.ENSP00000368880,9606.ENSP00000377668,9606.ENSP00000379111,9606.ENSP00000381237,9606.ENSP00000382800,9606.ENSP00000385808,9606.ENSP00000387122,9606.ENSP00000387211,9606.ENSP00000390076,9606.ENSP00000393566,9606.ENSP00000397441,9606.ENSP00000402674,9606.ENSP00000407685,9606.ENSP00000408146,9606.ENSP00000410007,9606.ENSP00000421985,9606.ENSP00000429309,9606.ENSP00000439601,9606.ENSP00000439800,9606.ENSP00000443216,9606.ENSP00000446100,9606.ENSP00000446576,9606.ENSP00000447731,9606.ENSP00000451575,9606.ENSP00000457733,9606.ENSP00000475489,9606.ENSP00000491657,9606.ENSP00000496577,9606.ENSP00000497997"	"PPP5C,SIPA1L3,IL1RL1,IRF1,SYMPK,NDFIP1,SBF2,NDUFAF1,EXOC6,KLF3,IL1RL2,SPATA5,HHEX,RASA2,SPPL3,FBXO17,RAPGEF6,CSF2,FOXA3,PITPNM2,RHBDF2,RERE,IKZF3,SH2B3,GPX4,SBNO2,VAV3,DHX16,HECTD4,KLF12,SEPTIN8,GATA3,FOXO1,SUOX,IL4R,HM13,RUNX3,KIF3A,CLEC16A,IL18R1,ZSCAN31,HLA-DPA1,COG6,BHMG1,TNXB,HLA-DPB1,FBXO46,FNIP1,TPD52,ARHGAP45,ZMYND8,TMEM258,CMIP,ATXN2,TMEM116,ASB2,SLC25A24,MPHOSPH9,LPP,SOCS1,MALT1"
EFO:0004586	Complete blood cell count	124	2849	0.36	1.06	3.32E-16	"9606.ENSP00000012443,9606.ENSP00000198536,9606.ENSP00000222345,9606.ENSP00000233954,9606.ENSP00000238936,9606.ENSP00000245414,9606.ENSP00000245934,9606.ENSP00000246672,9606.ENSP00000252744,9606.ENSP00000253814,9606.ENSP00000256190,9606.ENSP00000256707,9606.ENSP00000257604,9606.ENSP00000260361,9606.ENSP00000260502,9606.ENSP00000260762,9606.ENSP00000261438,9606.ENSP00000262031,9606.ENSP00000262094,9606.ENSP00000262764,9606.ENSP00000263266,9606.ENSP00000264257,9606.ENSP00000265709,9606.ENSP00000266304,9606.ENSP00000268182,9606.ENSP00000274008,9606.ENSP00000282728,9606.ENSP00000286364,9606.ENSP00000288680,9606.ENSP00000292852,9606.ENSP00000295049,9606.ENSP00000296859,9606.ENSP00000296871,9606.ENSP00000302413,9606.ENSP00000304004,9606.ENSP00000305480,9606.ENSP00000309285,9606.ENSP00000310620,9606.ENSP00000314080,9606.ENSP00000315630,9606.ENSP00000322218,9606.ENSP00000322775,9606.ENSP00000324856,9606.ENSP00000325526,9606.ENSP00000331532,9606.ENSP00000332013,9606.ENSP00000335632,9606.ENSP00000336783,9606.ENSP00000337623,9606.ENSP00000338629,9606.ENSP00000343925,9606.ENSP00000344544,9606.ENSP00000345492,9606.ENSP00000346103,9606.ENSP00000347345,9606.ENSP00000349577,9606.ENSP00000350719,9606.ENSP00000354733,9606.ENSP00000356828,9606.ENSP00000357909,9606.ENSP00000358909,9606.ENSP00000358921,9606.ENSP00000359070,9606.ENSP00000359073,9606.ENSP00000364163,9606.ENSP00000365625,9606.ENSP00000366628,9606.ENSP00000366783,9606.ENSP00000366897,9606.ENSP00000366915,9606.ENSP00000367991,9606.ENSP00000368356,9606.ENSP00000368632,9606.ENSP00000368880,9606.ENSP00000374490,9606.ENSP00000376902,9606.ENSP00000377668,9606.ENSP00000379111,9606.ENSP00000381237,9606.ENSP00000382342,9606.ENSP00000382800,9606.ENSP00000384371,9606.ENSP00000385808,9606.ENSP00000386921,9606.ENSP00000387122,9606.ENSP00000387211,9606.ENSP00000390076,9606.ENSP00000391249,9606.ENSP00000393566,9606.ENSP00000397441,9606.ENSP00000400333,9606.ENSP00000401946,9606.ENSP00000402674,9606.ENSP00000402760,9606.ENSP00000403323,9606.ENSP00000407685,9606.ENSP00000408146,9606.ENSP00000410007,9606.ENSP00000415517,9606.ENSP00000421985,9606.ENSP00000426387,9606.ENSP00000427421,9606.ENSP00000429309,9606.ENSP00000439601,9606.ENSP00000439800,9606.ENSP00000443216,9606.ENSP00000445440,9606.ENSP00000446100,9606.ENSP00000446576,9606.ENSP00000446880,9606.ENSP00000447731,9606.ENSP00000451575,9606.ENSP00000456480,9606.ENSP00000457733,9606.ENSP00000469158,9606.ENSP00000474253,9606.ENSP00000475489,9606.ENSP00000478303,9606.ENSP00000478754,9606.ENSP00000482457,9606.ENSP00000483486,9606.ENSP00000491657,9606.ENSP00000496577,9606.ENSP00000497997"	"PPP5C,PILRA,SIPA1L3,IL1RL1,MFSD13A,IRF1,SYMPK,NR1D1,ZSWIM6,NDFIP1,SBF2,KIDINS220,TRAFD1,NDUFAF1,BCAR3,EXOC6,KLF3,RBMS2,RAB27B,PGS1,FAM83E,IL1RL2,ANK1,TEF,IQGAP1,SPATA5,HHEX,RASA2,SPPL3,FBXO17,RFTN2,RAPGEF6,CSF2,TPST1,FOXA3,FEN1,CCDC96,SNX32,HIC1,SWAP70,PITPNM2,RHBDF2,STK11,WNT11,SPATA32,ZGPAT,CHP1,TNRC6C,RNASEH2B,RERE,ESR2,IKZF3,SH2B3,GPX4,POLR3H,PRODH,SYNE2,SBNO2,RCSD1,SEMA6C,SFXN2,ACTR1A,STMN3,VAV3,NOTCH4,DHX16,GPR157,HECTD4,KLF12,KLF5,SEPTIN8,PRKD3,GATA3,FOXO1,DNAH17,BANP,SUOX,IL4R,HM13,ABCC1,RUNX3,BCL6,KIF3A,TBC1D14,CLEC16A,IL18R1,ZSCAN31,SEPTIN9,HLA-DPA1,COG6,SNX27,TNRC6B,BHMG1,SLC22A5,ARHGAP27,TNXB,HLA-DPB1,FBXO46,TSBP1,FNIP1,ZBTB38,CDC42SE2,TPD52,ARHGAP45,ZMYND8,TMEM258,PHKG1,CMIP,ATXN2,BAZ2A,TMEM116,ASB2,SNX29,SLC25A24,SPHK2,SETD1B,MPHOSPH9,POLR2E,DDX6,PLCG2,ARFRP1,LPP,SOCS1,MALT1"
EFO:0004503	Hematological measurement	162	4592	0.27	0.87	2.91E-14	"9606.ENSP00000012443,9606.ENSP00000198536,9606.ENSP00000216962,9606.ENSP00000222345,9606.ENSP00000233954,9606.ENSP00000238936,9606.ENSP00000242592,9606.ENSP00000245414,9606.ENSP00000245934,9606.ENSP00000246672,9606.ENSP00000250615,9606.ENSP00000252087,9606.ENSP00000252744,9606.ENSP00000252999,9606.ENSP00000253083,9606.ENSP00000253814,9606.ENSP00000256190,9606.ENSP00000256707,9606.ENSP00000257604,9606.ENSP00000260361,9606.ENSP00000260502,9606.ENSP00000260762,9606.ENSP00000261438,9606.ENSP00000262031,9606.ENSP00000262094,9606.ENSP00000262764,9606.ENSP00000263266,9606.ENSP00000264257,9606.ENSP00000264637,9606.ENSP00000265709,9606.ENSP00000266068,9606.ENSP00000266077,9606.ENSP00000266304,9606.ENSP00000268182,9606.ENSP00000271751,9606.ENSP00000274008,9606.ENSP00000282728,9606.ENSP00000286364,9606.ENSP00000288680,9606.ENSP00000289004,9606.ENSP00000292852,9606.ENSP00000295049,9606.ENSP00000296412,9606.ENSP00000296859,9606.ENSP00000296871,9606.ENSP00000302413,9606.ENSP00000304004,9606.ENSP00000305480,9606.ENSP00000307298,9606.ENSP00000309285,9606.ENSP00000310620,9606.ENSP00000314080,9606.ENSP00000315630,9606.ENSP00000322218,9606.ENSP00000322775,9606.ENSP00000324856,9606.ENSP00000325526,9606.ENSP00000328236,9606.ENSP00000331532,9606.ENSP00000331681,9606.ENSP00000332013,9606.ENSP00000332750,9606.ENSP00000333640,9606.ENSP00000335632,9606.ENSP00000336783,9606.ENSP00000337623,9606.ENSP00000338629,9606.ENSP00000342322,9606.ENSP00000343925,9606.ENSP00000344544,9606.ENSP00000345001,9606.ENSP00000345492,9606.ENSP00000346103,9606.ENSP00000347345,9606.ENSP00000348168,9606.ENSP00000349577,9606.ENSP00000350719,9606.ENSP00000354733,9606.ENSP00000356828,9606.ENSP00000357909,9606.ENSP00000358909,9606.ENSP00000358921,9606.ENSP00000359070,9606.ENSP00000359073,9606.ENSP00000360821,9606.ENSP00000364163,9606.ENSP00000365625,9606.ENSP00000365694,9606.ENSP00000365725,9606.ENSP00000366618,9606.ENSP00000366628,9606.ENSP00000366783,9606.ENSP00000366897,9606.ENSP00000366915,9606.ENSP00000367991,9606.ENSP00000368356,9606.ENSP00000368632,9606.ENSP00000368880,9606.ENSP00000373706,9606.ENSP00000374490,9606.ENSP00000375066,9606.ENSP00000376902,9606.ENSP00000376955,9606.ENSP00000377668,9606.ENSP00000378536,9606.ENSP00000379111,9606.ENSP00000380283,9606.ENSP00000381237,9606.ENSP00000382342,9606.ENSP00000382800,9606.ENSP00000384371,9606.ENSP00000385808,9606.ENSP00000386921,9606.ENSP00000387122,9606.ENSP00000387211,9606.ENSP00000387462,9606.ENSP00000390076,9606.ENSP00000391249,9606.ENSP00000391748,9606.ENSP00000393566,9606.ENSP00000397441,9606.ENSP00000400333,9606.ENSP00000401946,9606.ENSP00000402674,9606.ENSP00000402760,9606.ENSP00000403323,9606.ENSP00000406012,9606.ENSP00000407685,9606.ENSP00000408146,9606.ENSP00000410007,9606.ENSP00000415517,9606.ENSP00000416523,9606.ENSP00000418096,9606.ENSP00000421985,9606.ENSP00000423674,9606.ENSP00000426387,9606.ENSP00000427421,9606.ENSP00000429309,9606.ENSP00000439601,9606.ENSP00000439800,9606.ENSP00000441875,9606.ENSP00000443216,9606.ENSP00000445440,9606.ENSP00000446100,9606.ENSP00000446576,9606.ENSP00000446880,9606.ENSP00000447731,9606.ENSP00000451575,9606.ENSP00000456480,9606.ENSP00000457733,9606.ENSP00000463752,9606.ENSP00000468424,9606.ENSP00000469158,9606.ENSP00000474253,9606.ENSP00000475489,9606.ENSP00000478303,9606.ENSP00000478754,9606.ENSP00000482457,9606.ENSP00000483486,9606.ENSP00000491657,9606.ENSP00000496577,9606.ENSP00000497997"	"PPP5C,PILRA,PYGB,SIPA1L3,IL1RL1,MFSD13A,ACADS,IRF1,SYMPK,NR1D1,AANAT,PCDHGC5,ZSWIM6,LAMA5,HIP1R,NDFIP1,SBF2,KIDINS220,TRAFD1,NDUFAF1,BCAR3,EXOC6,KLF3,RBMS2,RAB27B,PGS1,FAM83E,IL1RL2,THRA,ANK1,GMEB2,SLC2A4RG,TEF,IQGAP1,KCNH1,SPATA5,HHEX,RASA2,SPPL3,HPD,FBXO17,RFTN2,ADH5,RAPGEF6,CSF2,TPST1,FOXA3,FEN1,FEM1B,CCDC96,SNX32,HIC1,SWAP70,PITPNM2,RHBDF2,STK11,WNT11,KNTC1,SPATA32,DGCR6,ZGPAT,ZKSCAN8,EYA2,CHP1,TNRC6C,RNASEH2B,RERE,TM7SF3,ESR2,IKZF3,CRTC1,SH2B3,GPX4,POLR3H,GTF2E2,PRODH,SYNE2,SBNO2,RCSD1,SEMA6C,SFXN2,ACTR1A,STMN3,VAV3,UBAC1,NOTCH4,DHX16,PPP1R10,ABHD12,H2BC13,GPR157,HECTD4,KLF12,KLF5,SEPTIN8,PRKD3,GATA3,FOXO1,DIAPH1,DNAH17,HCAR2,BANP,DENND2C,SUOX,ZBTB46,IL4R,GPR146,HM13,ABCC1,RUNX3,BCL6,KIF3A,TBC1D14,CLEC16A,IL18R1,ZBTB10,ZSCAN31,SEPTIN9,PILRB,HLA-DPA1,COG6,SNX27,TNRC6B,BHMG1,SLC22A5,ARHGAP27,IFT140,TNXB,HLA-DPB1,FBXO46,TSBP1,SEMA4D,SLC45A1,FNIP1,GNPDA1,ZBTB38,CDC42SE2,TPD52,ARHGAP45,ZMYND8,PHB2,TMEM258,PHKG1,CMIP,ATXN2,BAZ2A,TMEM116,ASB2,SNX29,SLC25A24,GJD3,NMT1,SPHK2,SETD1B,MPHOSPH9,POLR2E,DDX6,PLCG2,ARFRP1,LPP,SOCS1,MALT1"
EFO:1002018	Bronchial disease	24	121	1.02	2.22	4.68E-13	"9606.ENSP00000233954,9606.ENSP00000243077,9606.ENSP00000245414,9606.ENSP00000253814,9606.ENSP00000264257,9606.ENSP00000267101,9606.ENSP00000295049,9606.ENSP00000304004,9606.ENSP00000331532,9606.ENSP00000337862,9606.ENSP00000338010,9606.ENSP00000338629,9606.ENSP00000344544,9606.ENSP00000365071,9606.ENSP00000368632,9606.ENSP00000379111,9606.ENSP00000385808,9606.ENSP00000387122,9606.ENSP00000387211,9606.ENSP00000397441,9606.ENSP00000415517,9606.ENSP00000443216,9606.ENSP00000462945,9606.ENSP00000491657"	"IL1RL1,LRP1,IRF1,NDFIP1,IL1RL2,ERBB3,RFTN2,FOXA3,SPATA32,OVOL1,IL21R,RERE,IKZF3,GPANK1,GATA3,IL4R,KIF3A,CLEC16A,IL18R1,COG6,TSBP1,TMEM258,MSL1,LPP"
MONDO:0004979	Asthma	24	121	1.02	2.22	4.68E-13	"9606.ENSP00000233954,9606.ENSP00000243077,9606.ENSP00000245414,9606.ENSP00000253814,9606.ENSP00000264257,9606.ENSP00000267101,9606.ENSP00000295049,9606.ENSP00000304004,9606.ENSP00000331532,9606.ENSP00000337862,9606.ENSP00000338010,9606.ENSP00000338629,9606.ENSP00000344544,9606.ENSP00000365071,9606.ENSP00000368632,9606.ENSP00000379111,9606.ENSP00000385808,9606.ENSP00000387122,9606.ENSP00000387211,9606.ENSP00000397441,9606.ENSP00000415517,9606.ENSP00000443216,9606.ENSP00000462945,9606.ENSP00000491657"	"IL1RL1,LRP1,IRF1,NDFIP1,IL1RL2,ERBB3,RFTN2,FOXA3,SPATA32,OVOL1,IL21R,RERE,IKZF3,GPANK1,GATA3,IL4R,KIF3A,CLEC16A,IL18R1,COG6,TSBP1,TMEM258,MSL1,LPP"
EFO:0009433	Lower respiratory tract disease	25	153	0.94	1.96	4.62E-12	"9606.ENSP00000233954,9606.ENSP00000243077,9606.ENSP00000245414,9606.ENSP00000253814,9606.ENSP00000264257,9606.ENSP00000267101,9606.ENSP00000295049,9606.ENSP00000304004,9606.ENSP00000331532,9606.ENSP00000337862,9606.ENSP00000338010,9606.ENSP00000338629,9606.ENSP00000344544,9606.ENSP00000365071,9606.ENSP00000368632,9606.ENSP00000379111,9606.ENSP00000385808,9606.ENSP00000387122,9606.ENSP00000387211,9606.ENSP00000397441,9606.ENSP00000415517,9606.ENSP00000443216,9606.ENSP00000462945,9606.ENSP00000491657,9606.ENSP00000492001"	"IL1RL1,LRP1,IRF1,NDFIP1,IL1RL2,ERBB3,RFTN2,FOXA3,SPATA32,OVOL1,IL21R,RERE,IKZF3,GPANK1,GATA3,IL4R,KIF3A,CLEC16A,IL18R1,COG6,TSBP1,TMEM258,MSL1,LPP,PFKFB3"
EFO:0004833	Neutrophil count	50	712	0.57	1.3	8.42E-12	"9606.ENSP00000233954,9606.ENSP00000238936,9606.ENSP00000245414,9606.ENSP00000253814,9606.ENSP00000256190,9606.ENSP00000256707,9606.ENSP00000257604,9606.ENSP00000261438,9606.ENSP00000262094,9606.ENSP00000263266,9606.ENSP00000265709,9606.ENSP00000268182,9606.ENSP00000286364,9606.ENSP00000288680,9606.ENSP00000310620,9606.ENSP00000324856,9606.ENSP00000332013,9606.ENSP00000338629,9606.ENSP00000344544,9606.ENSP00000345492,9606.ENSP00000346103,9606.ENSP00000349577,9606.ENSP00000354733,9606.ENSP00000356828,9606.ENSP00000358909,9606.ENSP00000358921,9606.ENSP00000359073,9606.ENSP00000366783,9606.ENSP00000366897,9606.ENSP00000366915,9606.ENSP00000368356,9606.ENSP00000368632,9606.ENSP00000384371,9606.ENSP00000386921,9606.ENSP00000387122,9606.ENSP00000387211,9606.ENSP00000391249,9606.ENSP00000397441,9606.ENSP00000401946,9606.ENSP00000407685,9606.ENSP00000408146,9606.ENSP00000426387,9606.ENSP00000439601,9606.ENSP00000446100,9606.ENSP00000446576,9606.ENSP00000451575,9606.ENSP00000457733,9606.ENSP00000469158,9606.ENSP00000483486,9606.ENSP00000491657"	"IL1RL1,MFSD13A,IRF1,NDFIP1,SBF2,KIDINS220,TRAFD1,KLF3,RAB27B,FAM83E,ANK1,IQGAP1,RASA2,SPPL3,SNX32,STK11,ZGPAT,RERE,IKZF3,SH2B3,GPX4,PRODH,SBNO2,RCSD1,SFXN2,ACTR1A,VAV3,HECTD4,KLF12,KLF5,PRKD3,GATA3,BCL6,TBC1D14,CLEC16A,IL18R1,SEPTIN9,COG6,TNRC6B,TNXB,HLA-DPB1,ZBTB38,ARHGAP45,CMIP,ATXN2,ASB2,SLC25A24,SPHK2,ARFRP1,LPP"
HP:0000964	Eczema	30	265	0.78	1.6	4.53E-11	"9606.ENSP00000233954,9606.ENSP00000238936,9606.ENSP00000245414,9606.ENSP00000253814,9606.ENSP00000264606,9606.ENSP00000266304,9606.ENSP00000268182,9606.ENSP00000288680,9606.ENSP00000315702,9606.ENSP00000322218,9606.ENSP00000333640,9606.ENSP00000337862,9606.ENSP00000338629,9606.ENSP00000341551,9606.ENSP00000348168,9606.ENSP00000358921,9606.ENSP00000368880,9606.ENSP00000373706,9606.ENSP00000377668,9606.ENSP00000378536,9606.ENSP00000379111,9606.ENSP00000382800,9606.ENSP00000387122,9606.ENSP00000387211,9606.ENSP00000408146,9606.ENSP00000426387,9606.ENSP00000433623,9606.ENSP00000462729,9606.ENSP00000474534,9606.ENSP00000491657"	"IL1RL1,MFSD13A,IRF1,NDFIP1,HDAC4,TEF,IQGAP1,SPPL3,MOB4,PITPNM2,EYA2,OVOL1,RERE,SMAD4,GTF2E2,ACTR1A,FOXO1,DIAPH1,SUOX,ZBTB46,IL4R,RUNX3,CLEC16A,IL18R1,HLA-DPB1,ZBTB38,TRAF6,OTUD7B,HSPE1-MOB4,LPP"
EFO:0007991	Eosinophil percentage of leukocytes	33	336	0.72	1.48	8.51E-11	"9606.ENSP00000233954,9606.ENSP00000245414,9606.ENSP00000245934,9606.ENSP00000253814,9606.ENSP00000256190,9606.ENSP00000260361,9606.ENSP00000260762,9606.ENSP00000261438,9606.ENSP00000288680,9606.ENSP00000304004,9606.ENSP00000322218,9606.ENSP00000338629,9606.ENSP00000344544,9606.ENSP00000346103,9606.ENSP00000354733,9606.ENSP00000359073,9606.ENSP00000366897,9606.ENSP00000368632,9606.ENSP00000377668,9606.ENSP00000379111,9606.ENSP00000382800,9606.ENSP00000385808,9606.ENSP00000387122,9606.ENSP00000387211,9606.ENSP00000393566,9606.ENSP00000397441,9606.ENSP00000408146,9606.ENSP00000439601,9606.ENSP00000439800,9606.ENSP00000446100,9606.ENSP00000446576,9606.ENSP00000451575,9606.ENSP00000491657"	"IL1RL1,IRF1,SYMPK,NDFIP1,SBF2,NDUFAF1,EXOC6,KLF3,SPPL3,FOXA3,PITPNM2,RERE,IKZF3,GPX4,SBNO2,VAV3,KLF12,GATA3,SUOX,IL4R,RUNX3,KIF3A,CLEC16A,IL18R1,HLA-DPA1,COG6,HLA-DPB1,ARHGAP45,ZMYND8,CMIP,ATXN2,ASB2,LPP"
EFO:0000684	Respiratory system disease	26	199	0.84	1.67	1.01E-10	"9606.ENSP00000233954,9606.ENSP00000243077,9606.ENSP00000245414,9606.ENSP00000253814,9606.ENSP00000264257,9606.ENSP00000267101,9606.ENSP00000295049,9606.ENSP00000304004,9606.ENSP00000313603,9606.ENSP00000331532,9606.ENSP00000337862,9606.ENSP00000338010,9606.ENSP00000338629,9606.ENSP00000344544,9606.ENSP00000365071,9606.ENSP00000368632,9606.ENSP00000379111,9606.ENSP00000385808,9606.ENSP00000387122,9606.ENSP00000387211,9606.ENSP00000397441,9606.ENSP00000415517,9606.ENSP00000443216,9606.ENSP00000462945,9606.ENSP00000491657,9606.ENSP00000492001"	"IL1RL1,LRP1,IRF1,NDFIP1,IL1RL2,ERBB3,RFTN2,FOXA3,ABCF1,SPATA32,OVOL1,IL21R,RERE,IKZF3,GPANK1,GATA3,IL4R,KIF3A,CLEC16A,IL18R1,COG6,TSBP1,TMEM258,MSL1,LPP,PFKFB3"
EFO:1002011	Adult onset asthma	15	53	1.18	1.93	1.25E-09	"9606.ENSP00000233954,9606.ENSP00000243077,9606.ENSP00000245414,9606.ENSP00000253814,9606.ENSP00000264257,9606.ENSP00000267101,9606.ENSP00000304004,9606.ENSP00000338629,9606.ENSP00000365071,9606.ENSP00000368632,9606.ENSP00000379111,9606.ENSP00000387122,9606.ENSP00000387211,9606.ENSP00000397441,9606.ENSP00000443216"	"IL1RL1,LRP1,IRF1,NDFIP1,IL1RL2,ERBB3,FOXA3,RERE,GPANK1,GATA3,IL4R,CLEC16A,IL18R1,COG6,TMEM258"
HP:0011122	Abnormality of skin physiology	39	524	0.6	1.22	1.26E-09	"9606.ENSP00000205557,9606.ENSP00000233954,9606.ENSP00000238936,9606.ENSP00000245414,9606.ENSP00000253814,9606.ENSP00000264606,9606.ENSP00000265709,9606.ENSP00000266304,9606.ENSP00000268182,9606.ENSP00000288680,9606.ENSP00000299440,9606.ENSP00000315702,9606.ENSP00000322218,9606.ENSP00000333640,9606.ENSP00000337623,9606.ENSP00000337862,9606.ENSP00000338629,9606.ENSP00000341551,9606.ENSP00000345492,9606.ENSP00000348168,9606.ENSP00000358921,9606.ENSP00000368632,9606.ENSP00000368880,9606.ENSP00000373706,9606.ENSP00000377668,9606.ENSP00000378536,9606.ENSP00000379111,9606.ENSP00000380252,9606.ENSP00000382800,9606.ENSP00000387122,9606.ENSP00000387211,9606.ENSP00000408146,9606.ENSP00000426387,9606.ENSP00000433623,9606.ENSP00000462729,9606.ENSP00000473348,9606.ENSP00000474534,9606.ENSP00000482457,9606.ENSP00000491657"	"ABCC6,IL1RL1,MFSD13A,IRF1,NDFIP1,HDAC4,ANK1,TEF,IQGAP1,SPPL3,RAG1,MOB4,PITPNM2,EYA2,RNASEH2B,OVOL1,RERE,SMAD4,SH2B3,GTF2E2,ACTR1A,GATA3,FOXO1,DIAPH1,SUOX,ZBTB46,IL4R,NFE2L2,RUNX3,CLEC16A,IL18R1,HLA-DPB1,ZBTB38,TRAF6,OTUD7B,H6PD,HSPE1-MOB4,PLCG2,LPP"
HP:0011123	Inflammatory abnormality of the skin	37	479	0.61	1.23	1.65E-09	"9606.ENSP00000205557,9606.ENSP00000233954,9606.ENSP00000238936,9606.ENSP00000245414,9606.ENSP00000253814,9606.ENSP00000264606,9606.ENSP00000265709,9606.ENSP00000266304,9606.ENSP00000268182,9606.ENSP00000288680,9606.ENSP00000299440,9606.ENSP00000315702,9606.ENSP00000322218,9606.ENSP00000333640,9606.ENSP00000337623,9606.ENSP00000337862,9606.ENSP00000338629,9606.ENSP00000341551,9606.ENSP00000348168,9606.ENSP00000358921,9606.ENSP00000368632,9606.ENSP00000368880,9606.ENSP00000373706,9606.ENSP00000377668,9606.ENSP00000378536,9606.ENSP00000379111,9606.ENSP00000380252,9606.ENSP00000382800,9606.ENSP00000387122,9606.ENSP00000387211,9606.ENSP00000408146,9606.ENSP00000426387,9606.ENSP00000433623,9606.ENSP00000462729,9606.ENSP00000473348,9606.ENSP00000474534,9606.ENSP00000491657"	"ABCC6,IL1RL1,MFSD13A,IRF1,NDFIP1,HDAC4,ANK1,TEF,IQGAP1,SPPL3,RAG1,MOB4,PITPNM2,EYA2,RNASEH2B,OVOL1,RERE,SMAD4,GTF2E2,ACTR1A,GATA3,FOXO1,DIAPH1,SUOX,ZBTB46,IL4R,NFE2L2,RUNX3,CLEC16A,IL18R1,HLA-DPB1,ZBTB38,TRAF6,OTUD7B,H6PD,HSPE1-MOB4,LPP"
EFO:0008039	BMI-adjusted hip circumference	47	762	0.51	1.08	2.75E-09	"9606.ENSP00000211413,9606.ENSP00000253083,9606.ENSP00000256190,9606.ENSP00000259870,9606.ENSP00000260746,9606.ENSP00000267202,9606.ENSP00000274008,9606.ENSP00000286364,9606.ENSP00000288680,9606.ENSP00000289316,9606.ENSP00000322218,9606.ENSP00000327290,9606.ENSP00000328236,9606.ENSP00000330188,9606.ENSP00000333640,9606.ENSP00000345492,9606.ENSP00000358909,9606.ENSP00000358921,9606.ENSP00000359073,9606.ENSP00000364163,9606.ENSP00000365071,9606.ENSP00000366509,9606.ENSP00000366783,9606.ENSP00000366798,9606.ENSP00000367972,9606.ENSP00000382342,9606.ENSP00000384371,9606.ENSP00000386921,9606.ENSP00000387122,9606.ENSP00000393566,9606.ENSP00000396330,9606.ENSP00000402674,9606.ENSP00000407685,9606.ENSP00000408002,9606.ENSP00000408146,9606.ENSP00000415517,9606.ENSP00000425915,9606.ENSP00000426387,9606.ENSP00000446100,9606.ENSP00000446576,9606.ENSP00000455906,9606.ENSP00000462729,9606.ENSP00000468424,9606.ENSP00000473348,9606.ENSP00000475489,9606.ENSP00000479636,9606.ENSP00000482607"	"PRRT1,HIP1R,SBF2,C6orf15,ARL3,VPS37B,SPATA5,RASA2,SPPL3,H2BC5,PITPNM2,ITGA11,KNTC1,RSRC2,EYA2,SH2B3,SFXN2,ACTR1A,VAV3,NOTCH4,GPANK1,ZKSCAN4,HECTD4,HMGN4,ID4,ABCC1,BCL6,TBC1D14,CLEC16A,HLA-DPA1,HLA-DQB2,BHMG1,TNXB,VRK2,HLA-DPB1,TSBP1,SELENOP,ZBTB38,CMIP,ATXN2,MUC22,OTUD7B,NMT1,H6PD,MPHOSPH9,PLCD3,ZNF322"
EFO:0010638	Atopic asthma	16	88	0.98	1.49	5.75E-08	"9606.ENSP00000233954,9606.ENSP00000243077,9606.ENSP00000245414,9606.ENSP00000264257,9606.ENSP00000295049,9606.ENSP00000331532,9606.ENSP00000337862,9606.ENSP00000338010,9606.ENSP00000344544,9606.ENSP00000379111,9606.ENSP00000385808,9606.ENSP00000387122,9606.ENSP00000387211,9606.ENSP00000415517,9606.ENSP00000462945,9606.ENSP00000491657"	"IL1RL1,LRP1,IRF1,IL1RL2,RFTN2,SPATA32,OVOL1,IL21R,IKZF3,IL4R,KIF3A,CLEC16A,IL18R1,TSBP1,MSL1,LPP"
EFO:0005093	Hip circumference	48	923	0.44	0.86	3.72E-07	"9606.ENSP00000211413,9606.ENSP00000253083,9606.ENSP00000256190,9606.ENSP00000259870,9606.ENSP00000260502,9606.ENSP00000260746,9606.ENSP00000267202,9606.ENSP00000274008,9606.ENSP00000286364,9606.ENSP00000288680,9606.ENSP00000289316,9606.ENSP00000322218,9606.ENSP00000327290,9606.ENSP00000328236,9606.ENSP00000330188,9606.ENSP00000333640,9606.ENSP00000345492,9606.ENSP00000358909,9606.ENSP00000358921,9606.ENSP00000359073,9606.ENSP00000364163,9606.ENSP00000365071,9606.ENSP00000366509,9606.ENSP00000366783,9606.ENSP00000366798,9606.ENSP00000367972,9606.ENSP00000382342,9606.ENSP00000384371,9606.ENSP00000386921,9606.ENSP00000387122,9606.ENSP00000393566,9606.ENSP00000396330,9606.ENSP00000402674,9606.ENSP00000407685,9606.ENSP00000408002,9606.ENSP00000408146,9606.ENSP00000415517,9606.ENSP00000425915,9606.ENSP00000426387,9606.ENSP00000446100,9606.ENSP00000446576,9606.ENSP00000455906,9606.ENSP00000462729,9606.ENSP00000468424,9606.ENSP00000473348,9606.ENSP00000475489,9606.ENSP00000479636,9606.ENSP00000482607"	"PRRT1,HIP1R,SBF2,C6orf15,BCAR3,ARL3,VPS37B,SPATA5,RASA2,SPPL3,H2BC5,PITPNM2,ITGA11,KNTC1,RSRC2,EYA2,SH2B3,SFXN2,ACTR1A,VAV3,NOTCH4,GPANK1,ZKSCAN4,HECTD4,HMGN4,ID4,ABCC1,BCL6,TBC1D14,CLEC16A,HLA-DPA1,HLA-DQB2,BHMG1,TNXB,VRK2,HLA-DPB1,TSBP1,SELENOP,ZBTB38,CMIP,ATXN2,MUC22,OTUD7B,NMT1,H6PD,MPHOSPH9,PLCD3,ZNF322"
EFO:0004512	Bone measurement	86	2295	0.3	0.72	3.90E-07	"9606.ENSP00000198536,9606.ENSP00000211413,9606.ENSP00000216962,9606.ENSP00000225927,9606.ENSP00000238936,9606.ENSP00000243077,9606.ENSP00000253083,9606.ENSP00000256190,9606.ENSP00000257604,9606.ENSP00000259870,9606.ENSP00000260502,9606.ENSP00000260746,9606.ENSP00000261868,9606.ENSP00000262764,9606.ENSP00000263266,9606.ENSP00000264606,9606.ENSP00000267202,9606.ENSP00000271751,9606.ENSP00000273047,9606.ENSP00000274008,9606.ENSP00000286364,9606.ENSP00000288680,9606.ENSP00000289316,9606.ENSP00000296412,9606.ENSP00000296859,9606.ENSP00000300131,9606.ENSP00000312158,9606.ENSP00000314080,9606.ENSP00000322218,9606.ENSP00000324856,9606.ENSP00000327290,9606.ENSP00000328236,9606.ENSP00000330188,9606.ENSP00000333640,9606.ENSP00000338010,9606.ENSP00000338629,9606.ENSP00000344829,9606.ENSP00000345492,9606.ENSP00000349577,9606.ENSP00000353375,9606.ENSP00000354733,9606.ENSP00000358909,9606.ENSP00000358921,9606.ENSP00000359073,9606.ENSP00000364163,9606.ENSP00000365071,9606.ENSP00000365725,9606.ENSP00000366509,9606.ENSP00000366783,9606.ENSP00000366798,9606.ENSP00000366897,9606.ENSP00000367972,9606.ENSP00000368880,9606.ENSP00000378536,9606.ENSP00000381237,9606.ENSP00000382342,9606.ENSP00000384371,9606.ENSP00000386921,9606.ENSP00000387122,9606.ENSP00000391249,9606.ENSP00000391748,9606.ENSP00000393566,9606.ENSP00000396330,9606.ENSP00000401946,9606.ENSP00000402674,9606.ENSP00000403323,9606.ENSP00000407685,9606.ENSP00000408002,9606.ENSP00000408146,9606.ENSP00000415517,9606.ENSP00000418096,9606.ENSP00000418259,9606.ENSP00000425915,9606.ENSP00000426387,9606.ENSP00000443216,9606.ENSP00000446100,9606.ENSP00000446576,9606.ENSP00000455906,9606.ENSP00000456480,9606.ENSP00000456500,9606.ENSP00000462729,9606.ENSP00000468424,9606.ENSP00000473348,9606.ENSP00000475489,9606.ENSP00000479636,9606.ENSP00000482607"	"PILRA,PRRT1,PYGB,NAGLU,MFSD13A,LRP1,HIP1R,SBF2,TRAFD1,C6orf15,BCAR3,ARL3,EIF3J,PGS1,FAM83E,HDAC4,VPS37B,KCNH1,RAB5A,SPATA5,RASA2,SPPL3,H2BC5,ADH5,RAPGEF6,NAB2,BTN2A1,HIC1,PITPNM2,STK11,ITGA11,KNTC1,RSRC2,EYA2,IL21R,RERE,QPCT,SH2B3,PRODH,MAP4,SBNO2,SFXN2,ACTR1A,VAV3,NOTCH4,GPANK1,ABHD12,ZKSCAN4,HECTD4,HMGN4,KLF12,ID4,FOXO1,ZBTB46,HM13,ABCC1,BCL6,TBC1D14,CLEC16A,SEPTIN9,PILRB,HLA-DPA1,HLA-DQB2,TNRC6B,BHMG1,ARHGAP27,TNXB,VRK2,HLA-DPB1,TSBP1,SLC45A1,ZFP57,SELENOP,ZBTB38,TMEM258,CMIP,ATXN2,MUC22,SNX29,ZNF469,OTUD7B,NMT1,H6PD,MPHOSPH9,PLCD3,ZNF322"
EFO:0005090	Basophil count	28	361	0.61	1.02	6.22E-07	"9606.ENSP00000012443,9606.ENSP00000245414,9606.ENSP00000253814,9606.ENSP00000261438,9606.ENSP00000268182,9606.ENSP00000282728,9606.ENSP00000286364,9606.ENSP00000304004,9606.ENSP00000338629,9606.ENSP00000345492,9606.ENSP00000346103,9606.ENSP00000366783,9606.ENSP00000368880,9606.ENSP00000379111,9606.ENSP00000382342,9606.ENSP00000384371,9606.ENSP00000387122,9606.ENSP00000387211,9606.ENSP00000397441,9606.ENSP00000402674,9606.ENSP00000407685,9606.ENSP00000421985,9606.ENSP00000439601,9606.ENSP00000446576,9606.ENSP00000451575,9606.ENSP00000457733,9606.ENSP00000483486,9606.ENSP00000491657"	"PPP5C,IRF1,NDFIP1,KLF3,IQGAP1,HHEX,RASA2,FOXA3,RERE,SH2B3,GPX4,HECTD4,FOXO1,IL4R,ABCC1,BCL6,CLEC16A,IL18R1,COG6,BHMG1,TNXB,FNIP1,ARHGAP45,ATXN2,ASB2,SLC25A24,ARFRP1,LPP"
EFO:0004302	Anthropometric measurement	132	4304	0.21	0.62	1.03E-06	"9606.ENSP00000205557,9606.ENSP00000211413,9606.ENSP00000216264,9606.ENSP00000230582,9606.ENSP00000238936,9606.ENSP00000243077,9606.ENSP00000245934,9606.ENSP00000252744,9606.ENSP00000253083,9606.ENSP00000256190,9606.ENSP00000256707,9606.ENSP00000259870,9606.ENSP00000260045,9606.ENSP00000260502,9606.ENSP00000260746,9606.ENSP00000261438,9606.ENSP00000262094,9606.ENSP00000262424,9606.ENSP00000262764,9606.ENSP00000264637,9606.ENSP00000265709,9606.ENSP00000266077,9606.ENSP00000267101,9606.ENSP00000267202,9606.ENSP00000268182,9606.ENSP00000274008,9606.ENSP00000282903,9606.ENSP00000286364,9606.ENSP00000288680,9606.ENSP00000289004,9606.ENSP00000289316,9606.ENSP00000292035,9606.ENSP00000292174,9606.ENSP00000295049,9606.ENSP00000296859,9606.ENSP00000300131,9606.ENSP00000304004,9606.ENSP00000310620,9606.ENSP00000312158,9606.ENSP00000314080,9606.ENSP00000322218,9606.ENSP00000324944,9606.ENSP00000327290,9606.ENSP00000328236,9606.ENSP00000330188,9606.ENSP00000332013,9606.ENSP00000333593,9606.ENSP00000333640,9606.ENSP00000336783,9606.ENSP00000337623,9606.ENSP00000337862,9606.ENSP00000338217,9606.ENSP00000338629,9606.ENSP00000342056,9606.ENSP00000343925,9606.ENSP00000345001,9606.ENSP00000345492,9606.ENSP00000346762,9606.ENSP00000349577,9606.ENSP00000353375,9606.ENSP00000354608,9606.ENSP00000354733,9606.ENSP00000357909,9606.ENSP00000358909,9606.ENSP00000358921,9606.ENSP00000359073,9606.ENSP00000360423,9606.ENSP00000361264,9606.ENSP00000364163,9606.ENSP00000365071,9606.ENSP00000365625,9606.ENSP00000365694,9606.ENSP00000366509,9606.ENSP00000366783,9606.ENSP00000366798,9606.ENSP00000366897,9606.ENSP00000367972,9606.ENSP00000367991,9606.ENSP00000368880,9606.ENSP00000373706,9606.ENSP00000374490,9606.ENSP00000378536,9606.ENSP00000380081,9606.ENSP00000380252,9606.ENSP00000381237,9606.ENSP00000382342,9606.ENSP00000382800,9606.ENSP00000384371,9606.ENSP00000385021,9606.ENSP00000386921,9606.ENSP00000387122,9606.ENSP00000387462,9606.ENSP00000391249,9606.ENSP00000393566,9606.ENSP00000394954,9606.ENSP00000395538,9606.ENSP00000396330,9606.ENSP00000397441,9606.ENSP00000401946,9606.ENSP00000402674,9606.ENSP00000402760,9606.ENSP00000407685,9606.ENSP00000408002,9606.ENSP00000408146,9606.ENSP00000415517,9606.ENSP00000416523,9606.ENSP00000417980,9606.ENSP00000418096,9606.ENSP00000421985,9606.ENSP00000425915,9606.ENSP00000426387,9606.ENSP00000429553,9606.ENSP00000436714,9606.ENSP00000446100,9606.ENSP00000446576,9606.ENSP00000455906,9606.ENSP00000456480,9606.ENSP00000456500,9606.ENSP00000462729,9606.ENSP00000468424,9606.ENSP00000473348,9606.ENSP00000475489,9606.ENSP00000478754,9606.ENSP00000479636,9606.ENSP00000482457,9606.ENSP00000482581,9606.ENSP00000482607,9606.ENSP00000483486,9606.ENSP00000483903,9606.ENSP00000485525,9606.ENSP00000491657,9606.ENSP00000496793"	"ABCC6,PRRT1,CERK,PRSS16,MFSD13A,LRP1,SYMPK,ZSWIM6,HIP1R,SBF2,KIDINS220,C6orf15,THAP12,BCAR3,ARL3,KLF3,RAB27B,CRISPLD2,PGS1,THRA,ANK1,SLC2A4RG,ERBB3,VPS37B,IQGAP1,SPATA5,PLOD2,RASA2,SPPL3,HPD,H2BC5,MED27,CXCR5,RFTN2,RAPGEF6,NAB2,FOXA3,SNX32,BTN2A1,HIC1,PITPNM2,MBOAT1,ITGA11,KNTC1,RSRC2,ZGPAT,NXPH4,EYA2,TNRC6C,RNASEH2B,OVOL1,ZNF532,RERE,CS,ESR2,CRTC1,SH2B3,SND1,PRODH,MAP4,PPT2,SBNO2,SEMA6C,SFXN2,ACTR1A,VAV3,CACNA1B,RAPGEF1,NOTCH4,GPANK1,DHX16,PPP1R10,ZKSCAN4,HECTD4,HMGN4,KLF12,ID4,SEPTIN8,FOXO1,DIAPH1,DNAH17,ZBTB46,SLC29A4,NFE2L2,HM13,ABCC1,RUNX3,BCL6,FANCL,TBC1D14,CLEC16A,ZBTB10,SEPTIN9,HLA-DPA1,GSG1L,TNRC18,HLA-DQB2,COG6,TNRC6B,BHMG1,SLC22A5,TNXB,VRK2,HLA-DPB1,TSBP1,SEMA4D,EHMT1,SLC45A1,FNIP1,SELENOP,ZBTB38,NKX6-3,HCAR3,CMIP,ATXN2,MUC22,SNX29,ZNF469,OTUD7B,NMT1,H6PD,MPHOSPH9,DDX6,PLCD3,PLCG2,TWIST2,ZNF322,ARFRP1,H2BC15,ADSL,LPP,COL9A3"
EFO:0004324	Body weights and measures	128	4122	0.22	0.62	1.03E-06	"9606.ENSP00000205557,9606.ENSP00000211413,9606.ENSP00000216264,9606.ENSP00000230582,9606.ENSP00000238936,9606.ENSP00000243077,9606.ENSP00000245934,9606.ENSP00000252744,9606.ENSP00000253083,9606.ENSP00000256190,9606.ENSP00000256707,9606.ENSP00000259870,9606.ENSP00000260045,9606.ENSP00000260502,9606.ENSP00000260746,9606.ENSP00000261438,9606.ENSP00000262094,9606.ENSP00000262424,9606.ENSP00000262764,9606.ENSP00000264637,9606.ENSP00000265709,9606.ENSP00000266077,9606.ENSP00000267101,9606.ENSP00000267202,9606.ENSP00000268182,9606.ENSP00000274008,9606.ENSP00000282903,9606.ENSP00000286364,9606.ENSP00000288680,9606.ENSP00000289004,9606.ENSP00000289316,9606.ENSP00000292035,9606.ENSP00000295049,9606.ENSP00000296859,9606.ENSP00000304004,9606.ENSP00000310620,9606.ENSP00000312158,9606.ENSP00000314080,9606.ENSP00000322218,9606.ENSP00000324944,9606.ENSP00000327290,9606.ENSP00000328236,9606.ENSP00000330188,9606.ENSP00000332013,9606.ENSP00000333593,9606.ENSP00000333640,9606.ENSP00000336783,9606.ENSP00000337623,9606.ENSP00000337862,9606.ENSP00000338217,9606.ENSP00000338629,9606.ENSP00000342056,9606.ENSP00000343925,9606.ENSP00000345001,9606.ENSP00000345492,9606.ENSP00000346762,9606.ENSP00000349577,9606.ENSP00000353375,9606.ENSP00000354608,9606.ENSP00000354733,9606.ENSP00000357909,9606.ENSP00000358909,9606.ENSP00000358921,9606.ENSP00000359073,9606.ENSP00000360423,9606.ENSP00000361264,9606.ENSP00000364163,9606.ENSP00000365071,9606.ENSP00000365625,9606.ENSP00000365694,9606.ENSP00000366509,9606.ENSP00000366783,9606.ENSP00000366798,9606.ENSP00000366897,9606.ENSP00000367972,9606.ENSP00000367991,9606.ENSP00000368880,9606.ENSP00000373706,9606.ENSP00000374490,9606.ENSP00000378536,9606.ENSP00000380081,9606.ENSP00000380252,9606.ENSP00000381237,9606.ENSP00000382342,9606.ENSP00000382800,9606.ENSP00000384371,9606.ENSP00000385021,9606.ENSP00000386921,9606.ENSP00000387122,9606.ENSP00000387462,9606.ENSP00000391249,9606.ENSP00000393566,9606.ENSP00000394954,9606.ENSP00000395538,9606.ENSP00000396330,9606.ENSP00000397441,9606.ENSP00000401946,9606.ENSP00000402674,9606.ENSP00000407685,9606.ENSP00000408002,9606.ENSP00000408146,9606.ENSP00000415517,9606.ENSP00000416523,9606.ENSP00000417980,9606.ENSP00000421985,9606.ENSP00000425915,9606.ENSP00000426387,9606.ENSP00000429553,9606.ENSP00000436714,9606.ENSP00000446100,9606.ENSP00000446576,9606.ENSP00000455906,9606.ENSP00000456480,9606.ENSP00000456500,9606.ENSP00000462729,9606.ENSP00000468424,9606.ENSP00000473348,9606.ENSP00000475489,9606.ENSP00000478754,9606.ENSP00000479636,9606.ENSP00000482457,9606.ENSP00000482581,9606.ENSP00000482607,9606.ENSP00000483486,9606.ENSP00000483903,9606.ENSP00000485525,9606.ENSP00000491657,9606.ENSP00000496793"	"ABCC6,PRRT1,CERK,PRSS16,MFSD13A,LRP1,SYMPK,ZSWIM6,HIP1R,SBF2,KIDINS220,C6orf15,THAP12,BCAR3,ARL3,KLF3,RAB27B,CRISPLD2,PGS1,THRA,ANK1,SLC2A4RG,ERBB3,VPS37B,IQGAP1,SPATA5,PLOD2,RASA2,SPPL3,HPD,H2BC5,MED27,RFTN2,RAPGEF6,FOXA3,SNX32,BTN2A1,HIC1,PITPNM2,MBOAT1,ITGA11,KNTC1,RSRC2,ZGPAT,NXPH4,EYA2,TNRC6C,RNASEH2B,OVOL1,ZNF532,RERE,CS,ESR2,CRTC1,SH2B3,SND1,PRODH,MAP4,PPT2,SBNO2,SEMA6C,SFXN2,ACTR1A,VAV3,CACNA1B,RAPGEF1,NOTCH4,GPANK1,DHX16,PPP1R10,ZKSCAN4,HECTD4,HMGN4,KLF12,ID4,SEPTIN8,FOXO1,DIAPH1,DNAH17,ZBTB46,SLC29A4,NFE2L2,HM13,ABCC1,RUNX3,BCL6,FANCL,TBC1D14,CLEC16A,ZBTB10,SEPTIN9,HLA-DPA1,GSG1L,TNRC18,HLA-DQB2,COG6,TNRC6B,BHMG1,TNXB,VRK2,HLA-DPB1,TSBP1,SEMA4D,EHMT1,FNIP1,SELENOP,ZBTB38,NKX6-3,HCAR3,CMIP,ATXN2,MUC22,SNX29,ZNF469,OTUD7B,NMT1,H6PD,MPHOSPH9,DDX6,PLCD3,PLCG2,TWIST2,ZNF322,ARFRP1,H2BC15,ADSL,LPP,COL9A3"
EFO:0007996	Eosinophil percentage of granulocytes	15	101	0.9	1.18	2.02E-06	"9606.ENSP00000245414,9606.ENSP00000253814,9606.ENSP00000261438,9606.ENSP00000282728,9606.ENSP00000338629,9606.ENSP00000344544,9606.ENSP00000346103,9606.ENSP00000387122,9606.ENSP00000387211,9606.ENSP00000393566,9606.ENSP00000397441,9606.ENSP00000408146,9606.ENSP00000439601,9606.ENSP00000451575,9606.ENSP00000491657"	"IRF1,NDFIP1,KLF3,HHEX,RERE,IKZF3,GPX4,CLEC16A,IL18R1,HLA-DPA1,COG6,HLA-DPB1,ARHGAP45,ASB2,LPP"
HP:0010978	Abnormality of immune system physiology	58	1347	0.36	0.72	3.44E-06	"9606.ENSP00000205557,9606.ENSP00000225927,9606.ENSP00000233954,9606.ENSP00000238936,9606.ENSP00000245414,9606.ENSP00000253814,9606.ENSP00000254066,9606.ENSP00000260746,9606.ENSP00000261588,9606.ENSP00000264606,9606.ENSP00000265709,9606.ENSP00000266304,9606.ENSP00000267101,9606.ENSP00000268182,9606.ENSP00000274008,9606.ENSP00000288680,9606.ENSP00000299440,9606.ENSP00000306968,9606.ENSP00000315702,9606.ENSP00000322218,9606.ENSP00000333640,9606.ENSP00000337623,9606.ENSP00000337862,9606.ENSP00000338010,9606.ENSP00000338629,9606.ENSP00000341551,9606.ENSP00000344544,9606.ENSP00000348168,9606.ENSP00000358921,9606.ENSP00000360423,9606.ENSP00000360761,9606.ENSP00000361186,9606.ENSP00000364361,9606.ENSP00000368632,9606.ENSP00000368880,9606.ENSP00000373706,9606.ENSP00000377668,9606.ENSP00000378536,9606.ENSP00000379111,9606.ENSP00000380252,9606.ENSP00000382800,9606.ENSP00000385021,9606.ENSP00000387122,9606.ENSP00000387211,9606.ENSP00000397441,9606.ENSP00000407685,9606.ENSP00000408146,9606.ENSP00000417980,9606.ENSP00000426387,9606.ENSP00000433623,9606.ENSP00000457733,9606.ENSP00000462729,9606.ENSP00000473348,9606.ENSP00000474534,9606.ENSP00000478754,9606.ENSP00000482457,9606.ENSP00000491657,9606.ENSP00000497997"	"ABCC6,NAGLU,IL1RL1,MFSD13A,IRF1,NDFIP1,RARA,ARL3,KIAA0556,HDAC4,ANK1,TEF,ERBB3,IQGAP1,SPATA5,SPPL3,RAG1,CDCA7,MOB4,PITPNM2,EYA2,RNASEH2B,OVOL1,IL21R,RERE,SMAD4,IKZF3,GTF2E2,ACTR1A,CACNA1B,AGPAT2,TP53RK,MAP3K20,GATA3,FOXO1,DIAPH1,SUOX,ZBTB46,IL4R,NFE2L2,RUNX3,FANCL,CLEC16A,IL18R1,COG6,TNXB,HLA-DPB1,EHMT1,ZBTB38,TRAF6,SLC25A24,OTUD7B,H6PD,HSPE1-MOB4,DDX6,PLCG2,LPP,MALT1"
EFO:0004872	Inflammatory biomarker measurement	54	1226	0.37	0.72	5.69E-06	"9606.ENSP00000012443,9606.ENSP00000243077,9606.ENSP00000245414,9606.ENSP00000253083,9606.ENSP00000253814,9606.ENSP00000261438,9606.ENSP00000261866,9606.ENSP00000261868,9606.ENSP00000262764,9606.ENSP00000264637,9606.ENSP00000266077,9606.ENSP00000268182,9606.ENSP00000282728,9606.ENSP00000286364,9606.ENSP00000288680,9606.ENSP00000289316,9606.ENSP00000296859,9606.ENSP00000304004,9606.ENSP00000310149,9606.ENSP00000319817,9606.ENSP00000322218,9606.ENSP00000324944,9606.ENSP00000328720,9606.ENSP00000332013,9606.ENSP00000338629,9606.ENSP00000345492,9606.ENSP00000346103,9606.ENSP00000364361,9606.ENSP00000366783,9606.ENSP00000368880,9606.ENSP00000374490,9606.ENSP00000376902,9606.ENSP00000378536,9606.ENSP00000379111,9606.ENSP00000380252,9606.ENSP00000381237,9606.ENSP00000382342,9606.ENSP00000384371,9606.ENSP00000387122,9606.ENSP00000387211,9606.ENSP00000397441,9606.ENSP00000402674,9606.ENSP00000407685,9606.ENSP00000421985,9606.ENSP00000426387,9606.ENSP00000427421,9606.ENSP00000439601,9606.ENSP00000446100,9606.ENSP00000446576,9606.ENSP00000451575,9606.ENSP00000454071,9606.ENSP00000457733,9606.ENSP00000483486,9606.ENSP00000491657"	"PPP5C,LRP1,IRF1,HIP1R,NDFIP1,KLF3,SPG11,EIF3J,PGS1,THRA,SLC2A4RG,IQGAP1,HHEX,RASA2,SPPL3,H2BC5,RAPGEF6,FOXA3,CYP2W1,OPA3,PITPNM2,MBOAT1,FOXK1,ZGPAT,RERE,SH2B3,GPX4,MAP3K20,HECTD4,FOXO1,DNAH17,BANP,ZBTB46,IL4R,NFE2L2,HM13,ABCC1,BCL6,CLEC16A,IL18R1,COG6,BHMG1,TNXB,FNIP1,ZBTB38,CDC42SE2,ARHGAP45,CMIP,ATXN2,ASB2,LDLR,SLC25A24,ARFRP1,LPP"
EFO:0007986	Reticulocyte count	32	527	0.51	0.82	8.36E-06	"9606.ENSP00000245414,9606.ENSP00000250615,9606.ENSP00000261438,9606.ENSP00000262764,9606.ENSP00000265709,9606.ENSP00000266068,9606.ENSP00000288680,9606.ENSP00000315630,9606.ENSP00000322218,9606.ENSP00000331681,9606.ENSP00000333640,9606.ENSP00000345492,9606.ENSP00000350719,9606.ENSP00000354733,9606.ENSP00000360821,9606.ENSP00000364163,9606.ENSP00000366783,9606.ENSP00000368880,9606.ENSP00000374490,9606.ENSP00000375066,9606.ENSP00000391249,9606.ENSP00000401946,9606.ENSP00000402760,9606.ENSP00000415517,9606.ENSP00000416523,9606.ENSP00000418096,9606.ENSP00000439601,9606.ENSP00000443216,9606.ENSP00000446576,9606.ENSP00000469158,9606.ENSP00000482457,9606.ENSP00000496577"	"IRF1,AANAT,KLF3,PGS1,ANK1,GMEB2,SPPL3,SWAP70,PITPNM2,DGCR6,EYA2,SH2B3,SYNE2,SBNO2,UBAC1,NOTCH4,HECTD4,FOXO1,DNAH17,HCAR2,SEPTIN9,TNRC6B,SLC22A5,TSBP1,SEMA4D,SLC45A1,ARHGAP45,TMEM258,ATXN2,SPHK2,PLCG2,SOCS1"
HP:0002715	Abnormality of the immune system	64	1682	0.3	0.61	4.17E-05	"9606.ENSP00000205557,9606.ENSP00000225927,9606.ENSP00000233954,9606.ENSP00000238936,9606.ENSP00000245414,9606.ENSP00000253814,9606.ENSP00000254066,9606.ENSP00000260746,9606.ENSP00000261588,9606.ENSP00000264606,9606.ENSP00000265709,9606.ENSP00000266304,9606.ENSP00000267101,9606.ENSP00000268182,9606.ENSP00000271751,9606.ENSP00000274008,9606.ENSP00000286364,9606.ENSP00000288680,9606.ENSP00000296412,9606.ENSP00000299440,9606.ENSP00000306968,9606.ENSP00000315702,9606.ENSP00000322218,9606.ENSP00000324856,9606.ENSP00000333640,9606.ENSP00000337623,9606.ENSP00000337862,9606.ENSP00000338010,9606.ENSP00000338629,9606.ENSP00000341551,9606.ENSP00000344544,9606.ENSP00000345492,9606.ENSP00000348168,9606.ENSP00000358921,9606.ENSP00000360423,9606.ENSP00000360761,9606.ENSP00000361186,9606.ENSP00000364361,9606.ENSP00000368632,9606.ENSP00000368880,9606.ENSP00000373706,9606.ENSP00000377668,9606.ENSP00000378536,9606.ENSP00000379111,9606.ENSP00000380252,9606.ENSP00000382800,9606.ENSP00000385021,9606.ENSP00000387122,9606.ENSP00000387211,9606.ENSP00000397441,9606.ENSP00000407685,9606.ENSP00000408146,9606.ENSP00000417980,9606.ENSP00000426387,9606.ENSP00000433623,9606.ENSP00000455906,9606.ENSP00000457733,9606.ENSP00000462729,9606.ENSP00000473348,9606.ENSP00000474534,9606.ENSP00000478754,9606.ENSP00000482457,9606.ENSP00000491657,9606.ENSP00000497997"	"ABCC6,NAGLU,IL1RL1,MFSD13A,IRF1,NDFIP1,RARA,ARL3,KIAA0556,HDAC4,ANK1,TEF,ERBB3,IQGAP1,KCNH1,SPATA5,RASA2,SPPL3,ADH5,RAG1,CDCA7,MOB4,PITPNM2,STK11,EYA2,RNASEH2B,OVOL1,IL21R,RERE,SMAD4,IKZF3,SH2B3,GTF2E2,ACTR1A,CACNA1B,AGPAT2,TP53RK,MAP3K20,GATA3,FOXO1,DIAPH1,SUOX,ZBTB46,IL4R,NFE2L2,RUNX3,FANCL,CLEC16A,IL18R1,COG6,TNXB,HLA-DPB1,EHMT1,ZBTB38,TRAF6,MUC22,SLC25A24,OTUD7B,H6PD,HSPE1-MOB4,DDX6,PLCG2,LPP,MALT1"
HP:0012649	Increased inflammatory response	44	981	0.38	0.63	8.24E-05	"9606.ENSP00000205557,9606.ENSP00000233954,9606.ENSP00000238936,9606.ENSP00000245414,9606.ENSP00000253814,9606.ENSP00000254066,9606.ENSP00000264606,9606.ENSP00000265709,9606.ENSP00000266304,9606.ENSP00000268182,9606.ENSP00000288680,9606.ENSP00000299440,9606.ENSP00000315702,9606.ENSP00000322218,9606.ENSP00000333640,9606.ENSP00000337623,9606.ENSP00000337862,9606.ENSP00000338010,9606.ENSP00000338629,9606.ENSP00000341551,9606.ENSP00000348168,9606.ENSP00000358921,9606.ENSP00000360761,9606.ENSP00000364361,9606.ENSP00000368632,9606.ENSP00000368880,9606.ENSP00000373706,9606.ENSP00000377668,9606.ENSP00000378536,9606.ENSP00000379111,9606.ENSP00000380252,9606.ENSP00000382800,9606.ENSP00000387122,9606.ENSP00000387211,9606.ENSP00000397441,9606.ENSP00000408146,9606.ENSP00000426387,9606.ENSP00000433623,9606.ENSP00000457733,9606.ENSP00000462729,9606.ENSP00000473348,9606.ENSP00000474534,9606.ENSP00000482457,9606.ENSP00000491657"	"ABCC6,IL1RL1,MFSD13A,IRF1,NDFIP1,RARA,HDAC4,ANK1,TEF,IQGAP1,SPPL3,RAG1,MOB4,PITPNM2,EYA2,RNASEH2B,OVOL1,IL21R,RERE,SMAD4,GTF2E2,ACTR1A,AGPAT2,MAP3K20,GATA3,FOXO1,DIAPH1,SUOX,ZBTB46,IL4R,NFE2L2,RUNX3,CLEC16A,IL18R1,COG6,HLA-DPB1,ZBTB38,TRAF6,SLC25A24,OTUD7B,H6PD,HSPE1-MOB4,PLCG2,LPP"
EFO:0008378	Mosquito bite reaction size measurement	16	162	0.72	0.83	8.79E-05	"9606.ENSP00000245414,9606.ENSP00000260361,9606.ENSP00000274008,9606.ENSP00000296859,9606.ENSP00000328720,9606.ENSP00000338010,9606.ENSP00000367991,9606.ENSP00000382800,9606.ENSP00000385808,9606.ENSP00000396330,9606.ENSP00000402760,9606.ENSP00000415517,9606.ENSP00000421985,9606.ENSP00000427421,9606.ENSP00000438468,9606.ENSP00000491657"	"IRF1,NDUFAF1,SPATA5,RAPGEF6,FOXK1,IL21R,SEPTIN8,RUNX3,KIF3A,HLA-DQB2,SLC22A5,TSBP1,FNIP1,CDC42SE2,HHAT,LPP"
HP:0000951	Abnormality of the skin	68	1888	0.28	0.57	9.91E-05	"9606.ENSP00000205557,9606.ENSP00000233954,9606.ENSP00000238936,9606.ENSP00000243077,9606.ENSP00000245414,9606.ENSP00000252744,9606.ENSP00000253814,9606.ENSP00000254066,9606.ENSP00000260746,9606.ENSP00000264606,9606.ENSP00000264637,9606.ENSP00000265709,9606.ENSP00000266304,9606.ENSP00000268182,9606.ENSP00000271751,9606.ENSP00000282903,9606.ENSP00000286364,9606.ENSP00000288680,9606.ENSP00000296412,9606.ENSP00000299440,9606.ENSP00000307705,9606.ENSP00000315702,9606.ENSP00000322218,9606.ENSP00000322775,9606.ENSP00000324856,9606.ENSP00000333640,9606.ENSP00000337623,9606.ENSP00000337862,9606.ENSP00000338629,9606.ENSP00000341551,9606.ENSP00000345492,9606.ENSP00000346103,9606.ENSP00000348168,9606.ENSP00000350719,9606.ENSP00000358921,9606.ENSP00000359073,9606.ENSP00000360761,9606.ENSP00000368632,9606.ENSP00000368880,9606.ENSP00000368982,9606.ENSP00000373706,9606.ENSP00000377668,9606.ENSP00000378536,9606.ENSP00000379111,9606.ENSP00000380252,9606.ENSP00000382800,9606.ENSP00000385021,9606.ENSP00000387122,9606.ENSP00000387211,9606.ENSP00000397441,9606.ENSP00000401946,9606.ENSP00000406012,9606.ENSP00000407685,9606.ENSP00000408146,9606.ENSP00000417980,9606.ENSP00000426387,9606.ENSP00000433623,9606.ENSP00000454071,9606.ENSP00000456500,9606.ENSP00000457733,9606.ENSP00000462729,9606.ENSP00000473348,9606.ENSP00000474534,9606.ENSP00000478754,9606.ENSP00000482457,9606.ENSP00000482581,9606.ENSP00000491657,9606.ENSP00000496007"	"ABCC6,IL1RL1,MFSD13A,LRP1,IRF1,ZSWIM6,NDFIP1,RARA,ARL3,HDAC4,THRA,ANK1,TEF,IQGAP1,KCNH1,PLOD2,RASA2,SPPL3,ADH5,RAG1,H1-4,MOB4,PITPNM2,RHBDF2,STK11,EYA2,RNASEH2B,OVOL1,RERE,SMAD4,SH2B3,GPX4,GTF2E2,SYNE2,ACTR1A,VAV3,AGPAT2,GATA3,FOXO1,KATNB1,DIAPH1,SUOX,ZBTB46,IL4R,NFE2L2,RUNX3,FANCL,CLEC16A,IL18R1,COG6,TNRC6B,IFT140,TNXB,HLA-DPB1,EHMT1,ZBTB38,TRAF6,LDLR,ZNF469,SLC25A24,OTUD7B,H6PD,HSPE1-MOB4,DDX6,PLCG2,TWIST2,LPP,SYNGAP1"
EFO:0004587	Lymphocyte count	35	694	0.43	0.65	0.00011	"9606.ENSP00000245414,9606.ENSP00000253814,9606.ENSP00000261438,9606.ENSP00000263266,9606.ENSP00000265709,9606.ENSP00000266304,9606.ENSP00000268182,9606.ENSP00000288680,9606.ENSP00000324856,9606.ENSP00000331532,9606.ENSP00000332013,9606.ENSP00000338629,9606.ENSP00000344544,9606.ENSP00000345492,9606.ENSP00000354733,9606.ENSP00000366897,9606.ENSP00000366915,9606.ENSP00000368356,9606.ENSP00000368632,9606.ENSP00000374490,9606.ENSP00000382342,9606.ENSP00000382800,9606.ENSP00000386921,9606.ENSP00000387122,9606.ENSP00000391249,9606.ENSP00000401946,9606.ENSP00000415517,9606.ENSP00000426387,9606.ENSP00000427421,9606.ENSP00000439601,9606.ENSP00000446100,9606.ENSP00000446576,9606.ENSP00000469158,9606.ENSP00000478303,9606.ENSP00000491657"	"IRF1,NDFIP1,KLF3,FAM83E,ANK1,TEF,IQGAP1,SPPL3,STK11,SPATA32,ZGPAT,RERE,IKZF3,SH2B3,SBNO2,KLF12,KLF5,PRKD3,GATA3,DNAH17,ABCC1,RUNX3,TBC1D14,CLEC16A,SEPTIN9,TNRC6B,TSBP1,ZBTB38,CDC42SE2,ARHGAP45,CMIP,ATXN2,SPHK2,POLR2E,LPP"
HP:0001574	Abnormality of the integument	77	2266	0.26	0.55	0.00012	"9606.ENSP00000205557,9606.ENSP00000225927,9606.ENSP00000233954,9606.ENSP00000238936,9606.ENSP00000243077,9606.ENSP00000245414,9606.ENSP00000252744,9606.ENSP00000253814,9606.ENSP00000254066,9606.ENSP00000260746,9606.ENSP00000261588,9606.ENSP00000264606,9606.ENSP00000264637,9606.ENSP00000265709,9606.ENSP00000266304,9606.ENSP00000268182,9606.ENSP00000271751,9606.ENSP00000274008,9606.ENSP00000282903,9606.ENSP00000286364,9606.ENSP00000288680,9606.ENSP00000289004,9606.ENSP00000296412,9606.ENSP00000299440,9606.ENSP00000303158,9606.ENSP00000307705,9606.ENSP00000315702,9606.ENSP00000322218,9606.ENSP00000322775,9606.ENSP00000324856,9606.ENSP00000333640,9606.ENSP00000337623,9606.ENSP00000337862,9606.ENSP00000338629,9606.ENSP00000341551,9606.ENSP00000345492,9606.ENSP00000346103,9606.ENSP00000347345,9606.ENSP00000348168,9606.ENSP00000350719,9606.ENSP00000358921,9606.ENSP00000359073,9606.ENSP00000360761,9606.ENSP00000368632,9606.ENSP00000368880,9606.ENSP00000368982,9606.ENSP00000373706,9606.ENSP00000377668,9606.ENSP00000378536,9606.ENSP00000379111,9606.ENSP00000380252,9606.ENSP00000382800,9606.ENSP00000385021,9606.ENSP00000387122,9606.ENSP00000387211,9606.ENSP00000397441,9606.ENSP00000401946,9606.ENSP00000405620,9606.ENSP00000406012,9606.ENSP00000407685,9606.ENSP00000408146,9606.ENSP00000417980,9606.ENSP00000418096,9606.ENSP00000426387,9606.ENSP00000433623,9606.ENSP00000454071,9606.ENSP00000456500,9606.ENSP00000457733,9606.ENSP00000462729,9606.ENSP00000473348,9606.ENSP00000474253,9606.ENSP00000474534,9606.ENSP00000478754,9606.ENSP00000482457,9606.ENSP00000482581,9606.ENSP00000491657,9606.ENSP00000496007"	"ABCC6,NAGLU,IL1RL1,MFSD13A,LRP1,IRF1,ZSWIM6,NDFIP1,RARA,ARL3,KIAA0556,HDAC4,THRA,ANK1,TEF,IQGAP1,KCNH1,SPATA5,PLOD2,RASA2,SPPL3,HPD,ADH5,RAG1,CCDC8,H1-4,MOB4,PITPNM2,RHBDF2,STK11,EYA2,RNASEH2B,OVOL1,RERE,SMAD4,SH2B3,GPX4,POLR3H,GTF2E2,SYNE2,ACTR1A,VAV3,AGPAT2,GATA3,FOXO1,KATNB1,DIAPH1,SUOX,ZBTB46,IL4R,NFE2L2,RUNX3,FANCL,CLEC16A,IL18R1,COG6,TNRC6B,DHX30,IFT140,TNXB,HLA-DPB1,EHMT1,SLC45A1,ZBTB38,TRAF6,LDLR,ZNF469,SLC25A24,OTUD7B,H6PD,SETD1B,HSPE1-MOB4,DDX6,PLCG2,TWIST2,LPP,SYNGAP1"
EFO:0000408	Disease	54	1373	0.32	0.58	0.00015	"9606.ENSP00000198536,9606.ENSP00000205557,9606.ENSP00000222271,9606.ENSP00000233954,9606.ENSP00000243077,9606.ENSP00000245414,9606.ENSP00000253814,9606.ENSP00000262424,9606.ENSP00000264257,9606.ENSP00000267101,9606.ENSP00000271751,9606.ENSP00000274008,9606.ENSP00000295049,9606.ENSP00000304004,9606.ENSP00000313603,9606.ENSP00000317895,9606.ENSP00000331532,9606.ENSP00000337862,9606.ENSP00000338010,9606.ENSP00000338629,9606.ENSP00000341551,9606.ENSP00000344544,9606.ENSP00000345492,9606.ENSP00000346103,9606.ENSP00000346762,9606.ENSP00000364361,9606.ENSP00000365071,9606.ENSP00000368632,9606.ENSP00000374490,9606.ENSP00000376902,9606.ENSP00000379111,9606.ENSP00000382800,9606.ENSP00000384371,9606.ENSP00000385808,9606.ENSP00000387122,9606.ENSP00000387211,9606.ENSP00000397441,9606.ENSP00000401946,9606.ENSP00000407685,9606.ENSP00000408146,9606.ENSP00000415517,9606.ENSP00000418259,9606.ENSP00000437738,9606.ENSP00000443216,9606.ENSP00000446576,9606.ENSP00000455906,9606.ENSP00000456500,9606.ENSP00000462945,9606.ENSP00000465075,9606.ENSP00000482457,9606.ENSP00000483486,9606.ENSP00000491657,9606.ENSP00000492001,9606.ENSP00000496007"	"PILRA,ABCC6,COMP,IL1RL1,LRP1,IRF1,NDFIP1,CRISPLD2,IL1RL2,ERBB3,KCNH1,SPATA5,RFTN2,FOXA3,ABCF1,RPTN,SPATA32,OVOL1,IL21R,RERE,SMAD4,IKZF3,SH2B3,GPX4,SND1,MAP3K20,GPANK1,GATA3,DNAH17,BANP,IL4R,RUNX3,BCL6,KIF3A,CLEC16A,IL18R1,COG6,TNRC6B,TNXB,HLA-DPB1,TSBP1,ZFP57,SFSWAP,TMEM258,ATXN2,MUC22,ZNF469,MSL1,SPC24,PLCG2,ARFRP1,LPP,PFKFB3,SYNGAP1"
EFO:0007993	Lymphocyte percentage of leukocytes	22	320	0.56	0.71	0.00015	"9606.ENSP00000245414,9606.ENSP00000253814,9606.ENSP00000261438,9606.ENSP00000263266,9606.ENSP00000265709,9606.ENSP00000266304,9606.ENSP00000268182,9606.ENSP00000324856,9606.ENSP00000332013,9606.ENSP00000338629,9606.ENSP00000344544,9606.ENSP00000354733,9606.ENSP00000366897,9606.ENSP00000366915,9606.ENSP00000368356,9606.ENSP00000368632,9606.ENSP00000386921,9606.ENSP00000391249,9606.ENSP00000426387,9606.ENSP00000439601,9606.ENSP00000446100,9606.ENSP00000469158"	"IRF1,NDFIP1,KLF3,FAM83E,ANK1,TEF,IQGAP1,STK11,ZGPAT,RERE,IKZF3,SBNO2,KLF12,KLF5,PRKD3,GATA3,TBC1D14,SEPTIN9,ZBTB38,ARHGAP45,CMIP,SPHK2"
EFO:0007994	Neutrophil percentage of granulocytes	12	91	0.84	0.84	0.00015	"9606.ENSP00000245414,9606.ENSP00000253814,9606.ENSP00000261438,9606.ENSP00000338629,9606.ENSP00000344544,9606.ENSP00000346103,9606.ENSP00000387122,9606.ENSP00000387211,9606.ENSP00000397441,9606.ENSP00000439601,9606.ENSP00000451575,9606.ENSP00000491657"	"IRF1,NDFIP1,KLF3,RERE,IKZF3,GPX4,CLEC16A,IL18R1,COG6,ARHGAP45,ASB2,LPP"
EFO:0008376	Mosquito bite measurement	17	194	0.67	0.77	0.00015	"9606.ENSP00000245414,9606.ENSP00000260361,9606.ENSP00000274008,9606.ENSP00000296859,9606.ENSP00000328720,9606.ENSP00000338010,9606.ENSP00000365744,9606.ENSP00000367991,9606.ENSP00000382800,9606.ENSP00000385808,9606.ENSP00000396330,9606.ENSP00000402760,9606.ENSP00000415517,9606.ENSP00000421985,9606.ENSP00000427421,9606.ENSP00000438468,9606.ENSP00000491657"	"IRF1,NDUFAF1,SPATA5,RAPGEF6,FOXK1,IL21R,PRR3,SEPTIN8,RUNX3,KIF3A,HLA-DQB2,SLC22A5,TSBP1,FNIP1,CDC42SE2,HHAT,LPP"
EFO:0007990	Neutrophil percentage of leukocytes	21	301	0.57	0.7	0.00022	"9606.ENSP00000233954,9606.ENSP00000261438,9606.ENSP00000263266,9606.ENSP00000265709,9606.ENSP00000268182,9606.ENSP00000324856,9606.ENSP00000332013,9606.ENSP00000366897,9606.ENSP00000368356,9606.ENSP00000368632,9606.ENSP00000384371,9606.ENSP00000386921,9606.ENSP00000387122,9606.ENSP00000387211,9606.ENSP00000391249,9606.ENSP00000401946,9606.ENSP00000426387,9606.ENSP00000439601,9606.ENSP00000446100,9606.ENSP00000457733,9606.ENSP00000469158"	"IL1RL1,KLF3,FAM83E,ANK1,IQGAP1,STK11,ZGPAT,KLF12,PRKD3,GATA3,BCL6,TBC1D14,CLEC16A,IL18R1,SEPTIN9,TNRC6B,ZBTB38,ARHGAP45,CMIP,SLC25A24,SPHK2"
EFO:0009941	Inhalant adrenergic use measurement	7	24	1.19	0.85	0.00039	"9606.ENSP00000245414,9606.ENSP00000338629,9606.ENSP00000368632,9606.ENSP00000379111,9606.ENSP00000387122,9606.ENSP00000387211,9606.ENSP00000491657"	"IRF1,RERE,GATA3,IL4R,CLEC16A,IL18R1,LPP"
EFO:0008377	Mosquito bite reaction itch intensity measurement	13	122	0.75	0.73	0.00042	"9606.ENSP00000245414,9606.ENSP00000274008,9606.ENSP00000296859,9606.ENSP00000328720,9606.ENSP00000365744,9606.ENSP00000367991,9606.ENSP00000382800,9606.ENSP00000385808,9606.ENSP00000396330,9606.ENSP00000415517,9606.ENSP00000421985,9606.ENSP00000427421,9606.ENSP00000491657"	"IRF1,SPATA5,RAPGEF6,FOXK1,PRR3,SEPTIN8,RUNX3,KIF3A,HLA-DQB2,TSBP1,FNIP1,CDC42SE2,LPP"
EFO:0005036	Platelet measurement	50	1304	0.31	0.51	0.0007	"9606.ENSP00000216962,9606.ENSP00000238936,9606.ENSP00000245414,9606.ENSP00000252087,9606.ENSP00000252744,9606.ENSP00000252999,9606.ENSP00000253814,9606.ENSP00000257604,9606.ENSP00000260762,9606.ENSP00000261438,9606.ENSP00000262031,9606.ENSP00000262764,9606.ENSP00000296412,9606.ENSP00000305480,9606.ENSP00000310620,9606.ENSP00000314080,9606.ENSP00000315630,9606.ENSP00000322218,9606.ENSP00000325526,9606.ENSP00000332013,9606.ENSP00000342322,9606.ENSP00000345492,9606.ENSP00000349577,9606.ENSP00000350719,9606.ENSP00000354733,9606.ENSP00000358921,9606.ENSP00000367991,9606.ENSP00000368880,9606.ENSP00000373706,9606.ENSP00000376902,9606.ENSP00000376955,9606.ENSP00000386921,9606.ENSP00000387462,9606.ENSP00000391249,9606.ENSP00000402760,9606.ENSP00000407685,9606.ENSP00000423674,9606.ENSP00000426387,9606.ENSP00000439601,9606.ENSP00000439800,9606.ENSP00000446576,9606.ENSP00000446880,9606.ENSP00000447731,9606.ENSP00000463752,9606.ENSP00000468424,9606.ENSP00000474253,9606.ENSP00000475489,9606.ENSP00000482457,9606.ENSP00000483486,9606.ENSP00000491657"	"PYGB,MFSD13A,IRF1,PCDHGC5,ZSWIM6,LAMA5,NDFIP1,TRAFD1,EXOC6,KLF3,RBMS2,PGS1,ADH5,FEN1,SNX32,HIC1,SWAP70,PITPNM2,WNT11,ZGPAT,TM7SF3,SH2B3,PRODH,SYNE2,SBNO2,ACTR1A,SEPTIN8,FOXO1,DIAPH1,BANP,DENND2C,TBC1D14,ZBTB10,SEPTIN9,SLC22A5,TNXB,GNPDA1,ZBTB38,ARHGAP45,ZMYND8,ATXN2,BAZ2A,TMEM116,GJD3,NMT1,SETD1B,MPHOSPH9,PLCG2,ARFRP1,LPP"
EFO:0006843	Infectious disease biomarker	44	1087	0.33	0.52	0.00078	"9606.ENSP00000245414,9606.ENSP00000253814,9606.ENSP00000259951,9606.ENSP00000261438,9606.ENSP00000263266,9606.ENSP00000265709,9606.ENSP00000266304,9606.ENSP00000268182,9606.ENSP00000288680,9606.ENSP00000324856,9606.ENSP00000331532,9606.ENSP00000332013,9606.ENSP00000338629,9606.ENSP00000344544,9606.ENSP00000345492,9606.ENSP00000352252,9606.ENSP00000354733,9606.ENSP00000365625,9606.ENSP00000366509,9606.ENSP00000366897,9606.ENSP00000366915,9606.ENSP00000368356,9606.ENSP00000368632,9606.ENSP00000374490,9606.ENSP00000382342,9606.ENSP00000382800,9606.ENSP00000385021,9606.ENSP00000386921,9606.ENSP00000387122,9606.ENSP00000391249,9606.ENSP00000393566,9606.ENSP00000401946,9606.ENSP00000407685,9606.ENSP00000408146,9606.ENSP00000415517,9606.ENSP00000426387,9606.ENSP00000427421,9606.ENSP00000439601,9606.ENSP00000446100,9606.ENSP00000446576,9606.ENSP00000455906,9606.ENSP00000469158,9606.ENSP00000478303,9606.ENSP00000491657"	"IRF1,NDFIP1,HLA-F,KLF3,FAM83E,ANK1,TEF,IQGAP1,SPPL3,STK11,SPATA32,ZGPAT,RERE,IKZF3,SH2B3,H3C12,SBNO2,DHX16,ZKSCAN4,KLF12,KLF5,PRKD3,GATA3,DNAH17,ABCC1,RUNX3,FANCL,TBC1D14,CLEC16A,SEPTIN9,HLA-DPA1,TNRC6B,TNXB,HLA-DPB1,TSBP1,ZBTB38,CDC42SE2,ARHGAP45,CMIP,ATXN2,MUC22,SPHK2,POLR2E,LPP"
EFO:0004343	Waist-hip ratio	41	1006	0.33	0.49	0.0015	"9606.ENSP00000253083,9606.ENSP00000256190,9606.ENSP00000256707,9606.ENSP00000262764,9606.ENSP00000267202,9606.ENSP00000274008,9606.ENSP00000289316,9606.ENSP00000292035,9606.ENSP00000296859,9606.ENSP00000304004,9606.ENSP00000310620,9606.ENSP00000312158,9606.ENSP00000322218,9606.ENSP00000327290,9606.ENSP00000328236,9606.ENSP00000330188,9606.ENSP00000333640,9606.ENSP00000337623,9606.ENSP00000337862,9606.ENSP00000338629,9606.ENSP00000345001,9606.ENSP00000358909,9606.ENSP00000364163,9606.ENSP00000365625,9606.ENSP00000366783,9606.ENSP00000374490,9606.ENSP00000385021,9606.ENSP00000387122,9606.ENSP00000396330,9606.ENSP00000401946,9606.ENSP00000407685,9606.ENSP00000408002,9606.ENSP00000415517,9606.ENSP00000436714,9606.ENSP00000446100,9606.ENSP00000446576,9606.ENSP00000455906,9606.ENSP00000475489,9606.ENSP00000482581,9606.ENSP00000483903,9606.ENSP00000496793"	"HIP1R,SBF2,KIDINS220,PGS1,VPS37B,SPATA5,H2BC5,MED27,RAPGEF6,FOXA3,SNX32,BTN2A1,PITPNM2,ITGA11,KNTC1,RSRC2,EYA2,RNASEH2B,OVOL1,RERE,CRTC1,SFXN2,NOTCH4,DHX16,HECTD4,DNAH17,FANCL,CLEC16A,HLA-DQB2,TNRC6B,TNXB,VRK2,TSBP1,HCAR3,CMIP,ATXN2,MUC22,MPHOSPH9,TWIST2,H2BC15,COL9A3"
EFO:0004342	Waist circumference	40	1012	0.32	0.44	0.0037	"9606.ENSP00000230582,9606.ENSP00000238936,9606.ENSP00000253083,9606.ENSP00000260746,9606.ENSP00000262424,9606.ENSP00000262764,9606.ENSP00000266077,9606.ENSP00000267202,9606.ENSP00000274008,9606.ENSP00000286364,9606.ENSP00000288680,9606.ENSP00000289316,9606.ENSP00000310620,9606.ENSP00000322218,9606.ENSP00000328236,9606.ENSP00000332013,9606.ENSP00000333640,9606.ENSP00000337862,9606.ENSP00000343925,9606.ENSP00000358921,9606.ENSP00000364163,9606.ENSP00000366783,9606.ENSP00000366897,9606.ENSP00000367972,9606.ENSP00000374490,9606.ENSP00000380252,9606.ENSP00000382342,9606.ENSP00000387122,9606.ENSP00000396330,9606.ENSP00000407685,9606.ENSP00000408002,9606.ENSP00000415517,9606.ENSP00000426387,9606.ENSP00000436714,9606.ENSP00000446100,9606.ENSP00000455906,9606.ENSP00000456500,9606.ENSP00000475489,9606.ENSP00000483486,9606.ENSP00000496793"	"PRSS16,MFSD13A,HIP1R,ARL3,CRISPLD2,PGS1,SLC2A4RG,VPS37B,SPATA5,RASA2,SPPL3,H2BC5,SNX32,PITPNM2,KNTC1,ZGPAT,EYA2,OVOL1,ESR2,ACTR1A,NOTCH4,HECTD4,KLF12,ID4,DNAH17,NFE2L2,ABCC1,CLEC16A,HLA-DQB2,TNXB,VRK2,TSBP1,ZBTB38,HCAR3,CMIP,MUC22,ZNF469,MPHOSPH9,ARFRP1,COL9A3"
EFO:0007010	Drug use measurement	22	403	0.46	0.48	0.0042	"9606.ENSP00000243077,9606.ENSP00000245414,9606.ENSP00000256190,9606.ENSP00000265709,9606.ENSP00000315630,9606.ENSP00000324856,9606.ENSP00000338629,9606.ENSP00000345001,9606.ENSP00000345492,9606.ENSP00000353375,9606.ENSP00000359073,9606.ENSP00000368632,9606.ENSP00000377668,9606.ENSP00000378536,9606.ENSP00000379111,9606.ENSP00000387122,9606.ENSP00000387211,9606.ENSP00000391249,9606.ENSP00000446100,9606.ENSP00000446576,9606.ENSP00000454071,9606.ENSP00000491657"	"LRP1,IRF1,SBF2,ANK1,SWAP70,STK11,RERE,CRTC1,SH2B3,MAP4,VAV3,GATA3,SUOX,ZBTB46,IL4R,CLEC16A,IL18R1,SEPTIN9,CMIP,ATXN2,LDLR,LPP"
EFO:0007869	Wellbeing measurement	15	206	0.59	0.51	0.0044	"9606.ENSP00000222345,9606.ENSP00000259870,9606.ENSP00000262094,9606.ENSP00000296859,9606.ENSP00000312158,9606.ENSP00000332750,9606.ENSP00000338629,9606.ENSP00000346762,9606.ENSP00000354305,9606.ENSP00000390076,9606.ENSP00000407685,9606.ENSP00000408002,9606.ENSP00000427421,9606.ENSP00000439800,9606.ENSP00000456480"	"SIPA1L3,C6orf15,RAB27B,RAPGEF6,BTN2A1,ZKSCAN8,RERE,SND1,ZSCAN12,ZSCAN31,TNXB,VRK2,CDC42SE2,ZMYND8,SNX29"
EFO:0005105	Lipid or lipoprotein measurement	76	2526	0.2	0.36	0.008	"9606.ENSP00000012443,9606.ENSP00000243077,9606.ENSP00000244519,9606.ENSP00000245414,9606.ENSP00000245934,9606.ENSP00000246672,9606.ENSP00000253083,9606.ENSP00000256190,9606.ENSP00000260762,9606.ENSP00000261866,9606.ENSP00000261868,9606.ENSP00000262764,9606.ENSP00000265709,9606.ENSP00000266077,9606.ENSP00000268182,9606.ENSP00000271751,9606.ENSP00000289004,9606.ENSP00000292035,9606.ENSP00000296412,9606.ENSP00000305480,9606.ENSP00000319817,9606.ENSP00000322218,9606.ENSP00000327290,9606.ENSP00000328720,9606.ENSP00000332013,9606.ENSP00000333640,9606.ENSP00000334294,9606.ENSP00000335632,9606.ENSP00000337862,9606.ENSP00000338217,9606.ENSP00000343925,9606.ENSP00000345492,9606.ENSP00000350719,9606.ENSP00000354608,9606.ENSP00000357791,9606.ENSP00000357883,9606.ENSP00000359073,9606.ENSP00000364163,9606.ENSP00000364361,9606.ENSP00000366783,9606.ENSP00000366897,9606.ENSP00000367950,9606.ENSP00000368632,9606.ENSP00000373706,9606.ENSP00000374490,9606.ENSP00000376848,9606.ENSP00000376902,9606.ENSP00000378536,9606.ENSP00000380252,9606.ENSP00000381237,9606.ENSP00000387462,9606.ENSP00000390076,9606.ENSP00000400333,9606.ENSP00000402760,9606.ENSP00000406012,9606.ENSP00000407685,9606.ENSP00000409799,9606.ENSP00000415517,9606.ENSP00000421985,9606.ENSP00000426387,9606.ENSP00000427421,9606.ENSP00000436714,9606.ENSP00000438468,9606.ENSP00000441875,9606.ENSP00000443216,9606.ENSP00000446100,9606.ENSP00000446576,9606.ENSP00000454071,9606.ENSP00000454945,9606.ENSP00000456480,9606.ENSP00000465075,9606.ENSP00000474253,9606.ENSP00000479636,9606.ENSP00000482457,9606.ENSP00000483486,9606.ENSP00000491657"	"PPP5C,LRP1,BTN3A3,IRF1,SYMPK,NR1D1,HIP1R,SBF2,EXOC6,SPG11,EIF3J,PGS1,ANK1,SLC2A4RG,IQGAP1,KCNH1,HPD,MED27,ADH5,FEN1,OPA3,PITPNM2,ITGA11,FOXK1,ZGPAT,EYA2,TCFL5,CHP1,OVOL1,ZNF532,ESR2,SH2B3,SYNE2,PPT2,HRNR,PIP5K1A,VAV3,NOTCH4,MAP3K20,HECTD4,KLF12,SHROOM1,GATA3,DIAPH1,DNAH17,PRIMA1,BANP,ZBTB46,NFE2L2,HM13,ZBTB10,ZSCAN31,SNX27,SLC22A5,IFT140,TNXB,RPP21,TSBP1,FNIP1,ZBTB38,CDC42SE2,HCAR3,HHAT,PHB2,TMEM258,CMIP,ATXN2,LDLR,TMEM204,SNX29,SPC24,SETD1B,PLCD3,PLCG2,ARFRP1,LPP"
EFO:0006848	Mental or behavioural disorder biomarker	54	1615	0.25	0.37	0.0099	"9606.ENSP00000012443,9606.ENSP00000198536,9606.ENSP00000222345,9606.ENSP00000256190,9606.ENSP00000259870,9606.ENSP00000260502,9606.ENSP00000262094,9606.ENSP00000266304,9606.ENSP00000288680,9606.ENSP00000296859,9606.ENSP00000299440,9606.ENSP00000312158,9606.ENSP00000324944,9606.ENSP00000328720,9606.ENSP00000330188,9606.ENSP00000332750,9606.ENSP00000334294,9606.ENSP00000338629,9606.ENSP00000343925,9606.ENSP00000346762,9606.ENSP00000348168,9606.ENSP00000350719,9606.ENSP00000354305,9606.ENSP00000360423,9606.ENSP00000364163,9606.ENSP00000364349,9606.ENSP00000364949,9606.ENSP00000366509,9606.ENSP00000380081,9606.ENSP00000385021,9606.ENSP00000387122,9606.ENSP00000390076,9606.ENSP00000391592,9606.ENSP00000395538,9606.ENSP00000396330,9606.ENSP00000401946,9606.ENSP00000402674,9606.ENSP00000403323,9606.ENSP00000407685,9606.ENSP00000408002,9606.ENSP00000409799,9606.ENSP00000427421,9606.ENSP00000429309,9606.ENSP00000439601,9606.ENSP00000439800,9606.ENSP00000443216,9606.ENSP00000446100,9606.ENSP00000454071,9606.ENSP00000456480,9606.ENSP00000465075,9606.ENSP00000478303,9606.ENSP00000482457,9606.ENSP00000483903,9606.ENSP00000491657"	"PPP5C,PILRA,SIPA1L3,SBF2,C6orf15,BCAR3,RAB27B,TEF,SPPL3,RAPGEF6,RAG1,BTN2A1,MBOAT1,FOXK1,RSRC2,ZKSCAN8,TCFL5,RERE,ESR2,SND1,GTF2E2,SYNE2,ZSCAN12,CACNA1B,NOTCH4,ATF6B,DDAH2,ZKSCAN4,SLC29A4,FANCL,CLEC16A,ZSCAN31,PTPN6,TNRC18,HLA-DQB2,TNRC6B,BHMG1,ARHGAP27,TNXB,VRK2,RPP21,CDC42SE2,TPD52,ARHGAP45,ZMYND8,TMEM258,CMIP,LDLR,SNX29,SPC24,POLR2E,PLCG2,H2BC15,LPP"
EFO:0010700	Reticulocyte measurement	35	887	0.32	0.37	0.0121	"9606.ENSP00000245414,9606.ENSP00000250615,9606.ENSP00000256190,9606.ENSP00000261438,9606.ENSP00000262764,9606.ENSP00000265709,9606.ENSP00000266068,9606.ENSP00000286364,9606.ENSP00000288680,9606.ENSP00000315630,9606.ENSP00000322218,9606.ENSP00000331681,9606.ENSP00000333640,9606.ENSP00000345492,9606.ENSP00000350719,9606.ENSP00000354733,9606.ENSP00000360821,9606.ENSP00000364163,9606.ENSP00000366783,9606.ENSP00000368880,9606.ENSP00000374490,9606.ENSP00000375066,9606.ENSP00000382342,9606.ENSP00000391249,9606.ENSP00000401946,9606.ENSP00000402760,9606.ENSP00000415517,9606.ENSP00000416523,9606.ENSP00000418096,9606.ENSP00000439601,9606.ENSP00000443216,9606.ENSP00000446576,9606.ENSP00000469158,9606.ENSP00000482457,9606.ENSP00000496577"	"IRF1,AANAT,SBF2,KLF3,PGS1,ANK1,GMEB2,RASA2,SPPL3,SWAP70,PITPNM2,DGCR6,EYA2,SH2B3,SYNE2,SBNO2,UBAC1,NOTCH4,HECTD4,FOXO1,DNAH17,HCAR2,ABCC1,SEPTIN9,TNRC6B,SLC22A5,TSBP1,SEMA4D,SLC45A1,ARHGAP45,TMEM258,ATXN2,SPHK2,PLCG2,SOCS1"
EFO:0000246	Age	31	745	0.34	0.38	0.0125	"9606.ENSP00000012443,9606.ENSP00000233954,9606.ENSP00000268182,9606.ENSP00000271751,9606.ENSP00000274008,9606.ENSP00000288680,9606.ENSP00000310620,9606.ENSP00000322218,9606.ENSP00000333640,9606.ENSP00000337862,9606.ENSP00000338629,9606.ENSP00000345001,9606.ENSP00000354305,9606.ENSP00000354733,9606.ENSP00000358909,9606.ENSP00000359219,9606.ENSP00000365725,9606.ENSP00000366897,9606.ENSP00000376902,9606.ENSP00000378536,9606.ENSP00000379111,9606.ENSP00000385808,9606.ENSP00000387122,9606.ENSP00000387211,9606.ENSP00000393566,9606.ENSP00000395538,9606.ENSP00000397441,9606.ENSP00000426387,9606.ENSP00000446100,9606.ENSP00000446576,9606.ENSP00000491657"	"PPP5C,IL1RL1,IQGAP1,KCNH1,SPATA5,SPPL3,SNX32,PITPNM2,EYA2,OVOL1,RERE,CRTC1,ZSCAN12,SBNO2,SFXN2,KAZALD1,ABHD12,KLF12,BANP,ZBTB46,IL4R,KIF3A,CLEC16A,IL18R1,HLA-DPA1,TNRC18,COG6,ZBTB38,CMIP,ATXN2,LPP"
EFO:0007788	BMI-adjusted waist-hip ratio	32	780	0.34	0.38	0.0125	"9606.ENSP00000253083,9606.ENSP00000256190,9606.ENSP00000262764,9606.ENSP00000267202,9606.ENSP00000274008,9606.ENSP00000289316,9606.ENSP00000296859,9606.ENSP00000304004,9606.ENSP00000310620,9606.ENSP00000312158,9606.ENSP00000322218,9606.ENSP00000327290,9606.ENSP00000328236,9606.ENSP00000330188,9606.ENSP00000333640,9606.ENSP00000337623,9606.ENSP00000337862,9606.ENSP00000358909,9606.ENSP00000364163,9606.ENSP00000365625,9606.ENSP00000385021,9606.ENSP00000387122,9606.ENSP00000396330,9606.ENSP00000407685,9606.ENSP00000408002,9606.ENSP00000415517,9606.ENSP00000436714,9606.ENSP00000446100,9606.ENSP00000455906,9606.ENSP00000475489,9606.ENSP00000482581,9606.ENSP00000483903"	"HIP1R,SBF2,PGS1,VPS37B,SPATA5,H2BC5,RAPGEF6,FOXA3,SNX32,BTN2A1,PITPNM2,ITGA11,KNTC1,RSRC2,EYA2,RNASEH2B,OVOL1,SFXN2,NOTCH4,DHX16,FANCL,CLEC16A,HLA-DQB2,TNXB,VRK2,TSBP1,HCAR3,CMIP,MUC22,MPHOSPH9,TWIST2,H2BC15"
EFO:0004529	Lipid measurement	72	2400	0.2	0.34	0.0135	"9606.ENSP00000012443,9606.ENSP00000243077,9606.ENSP00000244519,9606.ENSP00000245414,9606.ENSP00000245934,9606.ENSP00000246672,9606.ENSP00000253083,9606.ENSP00000256190,9606.ENSP00000260762,9606.ENSP00000261866,9606.ENSP00000261868,9606.ENSP00000262764,9606.ENSP00000265709,9606.ENSP00000266077,9606.ENSP00000268182,9606.ENSP00000271751,9606.ENSP00000289004,9606.ENSP00000292035,9606.ENSP00000296412,9606.ENSP00000305480,9606.ENSP00000319817,9606.ENSP00000327290,9606.ENSP00000332013,9606.ENSP00000333640,9606.ENSP00000334294,9606.ENSP00000335632,9606.ENSP00000337862,9606.ENSP00000338217,9606.ENSP00000343925,9606.ENSP00000345492,9606.ENSP00000350719,9606.ENSP00000354608,9606.ENSP00000357791,9606.ENSP00000357883,9606.ENSP00000359073,9606.ENSP00000364163,9606.ENSP00000366783,9606.ENSP00000366897,9606.ENSP00000368632,9606.ENSP00000373706,9606.ENSP00000374490,9606.ENSP00000376848,9606.ENSP00000376902,9606.ENSP00000378536,9606.ENSP00000380252,9606.ENSP00000381237,9606.ENSP00000387462,9606.ENSP00000390076,9606.ENSP00000400333,9606.ENSP00000402760,9606.ENSP00000406012,9606.ENSP00000407685,9606.ENSP00000409799,9606.ENSP00000415517,9606.ENSP00000421985,9606.ENSP00000426387,9606.ENSP00000427421,9606.ENSP00000436714,9606.ENSP00000438468,9606.ENSP00000441875,9606.ENSP00000443216,9606.ENSP00000446100,9606.ENSP00000446576,9606.ENSP00000454071,9606.ENSP00000454945,9606.ENSP00000456480,9606.ENSP00000465075,9606.ENSP00000474253,9606.ENSP00000479636,9606.ENSP00000482457,9606.ENSP00000483486,9606.ENSP00000491657"	"PPP5C,LRP1,BTN3A3,IRF1,SYMPK,NR1D1,HIP1R,SBF2,EXOC6,SPG11,EIF3J,PGS1,ANK1,SLC2A4RG,IQGAP1,KCNH1,HPD,MED27,ADH5,FEN1,OPA3,ITGA11,ZGPAT,EYA2,TCFL5,CHP1,OVOL1,ZNF532,ESR2,SH2B3,SYNE2,PPT2,HRNR,PIP5K1A,VAV3,NOTCH4,HECTD4,KLF12,GATA3,DIAPH1,DNAH17,PRIMA1,BANP,ZBTB46,NFE2L2,HM13,ZBTB10,ZSCAN31,SNX27,SLC22A5,IFT140,TNXB,RPP21,TSBP1,FNIP1,ZBTB38,CDC42SE2,HCAR3,HHAT,PHB2,TMEM258,CMIP,ATXN2,LDLR,TMEM204,SNX29,SPC24,SETD1B,PLCD3,PLCG2,ARFRP1,LPP"
EFO:0007789	BMI-adjusted waist circumference	32	814	0.32	0.33	0.0253	"9606.ENSP00000230582,9606.ENSP00000238936,9606.ENSP00000253083,9606.ENSP00000260746,9606.ENSP00000262424,9606.ENSP00000262764,9606.ENSP00000266077,9606.ENSP00000274008,9606.ENSP00000286364,9606.ENSP00000288680,9606.ENSP00000289316,9606.ENSP00000310620,9606.ENSP00000322218,9606.ENSP00000328236,9606.ENSP00000333640,9606.ENSP00000343925,9606.ENSP00000358921,9606.ENSP00000364163,9606.ENSP00000366897,9606.ENSP00000367972,9606.ENSP00000374490,9606.ENSP00000382342,9606.ENSP00000387122,9606.ENSP00000407685,9606.ENSP00000408002,9606.ENSP00000415517,9606.ENSP00000426387,9606.ENSP00000436714,9606.ENSP00000446100,9606.ENSP00000456500,9606.ENSP00000475489,9606.ENSP00000496793"	"PRSS16,MFSD13A,HIP1R,ARL3,CRISPLD2,PGS1,SLC2A4RG,SPATA5,RASA2,SPPL3,H2BC5,SNX32,PITPNM2,KNTC1,EYA2,ESR2,ACTR1A,NOTCH4,KLF12,ID4,DNAH17,ABCC1,CLEC16A,TNXB,VRK2,TSBP1,ZBTB38,HCAR3,CMIP,ZNF469,MPHOSPH9,COL9A3"
EFO:0007803	Emotional symptom measurement	14	222	0.52	0.35	0.0303	"9606.ENSP00000338629,9606.ENSP00000346762,9606.ENSP00000364163,9606.ENSP00000364349,9606.ENSP00000364949,9606.ENSP00000366509,9606.ENSP00000385021,9606.ENSP00000396330,9606.ENSP00000401946,9606.ENSP00000407685,9606.ENSP00000408002,9606.ENSP00000409799,9606.ENSP00000443216,9606.ENSP00000483903"	"RERE,SND1,NOTCH4,ATF6B,DDAH2,ZKSCAN4,FANCL,HLA-DQB2,TNRC6B,TNXB,VRK2,RPP21,TMEM258,H2BC15"
EFO:0006336	Diastolic blood pressure	24	538	0.37	0.32	0.0305	"9606.ENSP00000244519,9606.ENSP00000245414,9606.ENSP00000256190,9606.ENSP00000260746,9606.ENSP00000264606,9606.ENSP00000265709,9606.ENSP00000292852,9606.ENSP00000315630,9606.ENSP00000345492,9606.ENSP00000353375,9606.ENSP00000364361,9606.ENSP00000366783,9606.ENSP00000368356,9606.ENSP00000396330,9606.ENSP00000401946,9606.ENSP00000402760,9606.ENSP00000407685,9606.ENSP00000415517,9606.ENSP00000426387,9606.ENSP00000446100,9606.ENSP00000446576,9606.ENSP00000468424,9606.ENSP00000491657,9606.ENSP00000496793"	"BTN3A3,IRF1,SBF2,ARL3,HDAC4,ANK1,FBXO17,SWAP70,SH2B3,MAP4,MAP3K20,HECTD4,PRKD3,HLA-DQB2,TNRC6B,SLC22A5,TNXB,TSBP1,ZBTB38,CMIP,ATXN2,NMT1,LPP,COL9A3"
EFO:0004747	Protein measurement	144	5856	0.11	0.27	0.0318	"9606.ENSP00000012443,9606.ENSP00000216962,9606.ENSP00000222345,9606.ENSP00000233954,9606.ENSP00000238936,9606.ENSP00000242592,9606.ENSP00000243077,9606.ENSP00000245414,9606.ENSP00000245934,9606.ENSP00000246672,9606.ENSP00000250615,9606.ENSP00000252999,9606.ENSP00000253083,9606.ENSP00000253814,9606.ENSP00000256190,9606.ENSP00000257604,9606.ENSP00000259951,9606.ENSP00000260762,9606.ENSP00000261866,9606.ENSP00000261868,9606.ENSP00000262031,9606.ENSP00000262424,9606.ENSP00000262764,9606.ENSP00000263266,9606.ENSP00000264257,9606.ENSP00000264606,9606.ENSP00000264637,9606.ENSP00000265709,9606.ENSP00000266077,9606.ENSP00000266304,9606.ENSP00000267101,9606.ENSP00000271751,9606.ENSP00000286364,9606.ENSP00000288680,9606.ENSP00000289004,9606.ENSP00000289316,9606.ENSP00000296412,9606.ENSP00000296859,9606.ENSP00000307298,9606.ENSP00000308925,9606.ENSP00000310149,9606.ENSP00000314080,9606.ENSP00000315630,9606.ENSP00000319817,9606.ENSP00000322218,9606.ENSP00000324856,9606.ENSP00000324944,9606.ENSP00000327290,9606.ENSP00000328236,9606.ENSP00000328720,9606.ENSP00000331532,9606.ENSP00000332013,9606.ENSP00000333593,9606.ENSP00000333640,9606.ENSP00000336783,9606.ENSP00000337623,9606.ENSP00000337862,9606.ENSP00000338217,9606.ENSP00000338629,9606.ENSP00000342056,9606.ENSP00000343925,9606.ENSP00000345492,9606.ENSP00000349577,9606.ENSP00000350719,9606.ENSP00000353375,9606.ENSP00000354608,9606.ENSP00000354733,9606.ENSP00000358909,9606.ENSP00000358921,9606.ENSP00000359073,9606.ENSP00000360423,9606.ENSP00000364163,9606.ENSP00000364210,9606.ENSP00000364349,9606.ENSP00000364361,9606.ENSP00000365725,9606.ENSP00000366618,9606.ENSP00000366783,9606.ENSP00000366897,9606.ENSP00000367950,9606.ENSP00000368632,9606.ENSP00000368856,9606.ENSP00000368880,9606.ENSP00000374490,9606.ENSP00000376902,9606.ENSP00000378536,9606.ENSP00000379111,9606.ENSP00000380252,9606.ENSP00000381237,9606.ENSP00000382342,9606.ENSP00000382800,9606.ENSP00000385610,9606.ENSP00000387122,9606.ENSP00000387211,9606.ENSP00000387462,9606.ENSP00000390076,9606.ENSP00000391748,9606.ENSP00000393566,9606.ENSP00000401946,9606.ENSP00000402758,9606.ENSP00000402760,9606.ENSP00000403323,9606.ENSP00000406012,9606.ENSP00000407685,9606.ENSP00000408002,9606.ENSP00000408146,9606.ENSP00000410007,9606.ENSP00000411831,9606.ENSP00000415517,9606.ENSP00000416523,9606.ENSP00000418096,9606.ENSP00000418259,9606.ENSP00000421985,9606.ENSP00000425915,9606.ENSP00000426387,9606.ENSP00000427421,9606.ENSP00000429309,9606.ENSP00000433623,9606.ENSP00000436714,9606.ENSP00000439601,9606.ENSP00000439800,9606.ENSP00000441875,9606.ENSP00000443216,9606.ENSP00000446100,9606.ENSP00000446576,9606.ENSP00000446880,9606.ENSP00000447731,9606.ENSP00000450607,9606.ENSP00000454071,9606.ENSP00000454945,9606.ENSP00000456480,9606.ENSP00000456500,9606.ENSP00000462729,9606.ENSP00000463752,9606.ENSP00000465075,9606.ENSP00000473348,9606.ENSP00000474253,9606.ENSP00000475489,9606.ENSP00000478303,9606.ENSP00000482457,9606.ENSP00000483486,9606.ENSP00000491657,9606.ENSP00000492001,9606.ENSP00000495530"	"PPP5C,PYGB,SIPA1L3,IL1RL1,MFSD13A,ACADS,LRP1,IRF1,SYMPK,NR1D1,AANAT,LAMA5,HIP1R,NDFIP1,SBF2,TRAFD1,HLA-F,EXOC6,SPG11,EIF3J,RBMS2,CRISPLD2,PGS1,FAM83E,IL1RL2,HDAC4,THRA,ANK1,SLC2A4RG,TEF,ERBB3,KCNH1,RASA2,SPPL3,HPD,H2BC5,ADH5,RAPGEF6,FEM1B,TLR10,CYP2W1,HIC1,SWAP70,OPA3,PITPNM2,STK11,MBOAT1,ITGA11,KNTC1,FOXK1,SPATA32,ZGPAT,NXPH4,EYA2,TNRC6C,RNASEH2B,OVOL1,ZNF532,RERE,CS,ESR2,SH2B3,PRODH,SYNE2,MAP4,PPT2,SBNO2,SFXN2,ACTR1A,VAV3,CACNA1B,NOTCH4,AGER,ATF6B,MAP3K20,ABHD12,H2BC13,HECTD4,KLF12,SHROOM1,GATA3,NFX1,FOXO1,DNAH17,BANP,ZBTB46,IL4R,NFE2L2,HM13,ABCC1,RUNX3,MEX3C,CLEC16A,IL18R1,ZBTB10,ZSCAN31,PILRB,HLA-DPA1,TNRC6B,PMEL,SLC22A5,ARHGAP27,IFT140,TNXB,VRK2,HLA-DPB1,FBXO46,KIF21B,TSBP1,SEMA4D,SLC45A1,ZFP57,FNIP1,SELENOP,ZBTB38,CDC42SE2,TPD52,TRAF6,HCAR3,ARHGAP45,ZMYND8,PHB2,TMEM258,CMIP,ATXN2,BAZ2A,TMEM116,TIMELESS,LDLR,TMEM204,SNX29,ZNF469,OTUD7B,GJD3,SPC24,H6PD,SETD1B,MPHOSPH9,POLR2E,PLCG2,ARFRP1,LPP,PFKFB3,ENO1"
HP:0000118	Phenotypic abnormality	129	5129	0.12	0.27	0.0332	"9606.ENSP00000012443,9606.ENSP00000205557,9606.ENSP00000209728,9606.ENSP00000221130,9606.ENSP00000222271,9606.ENSP00000225927,9606.ENSP00000233954,9606.ENSP00000238936,9606.ENSP00000242592,9606.ENSP00000243077,9606.ENSP00000245414,9606.ENSP00000252744,9606.ENSP00000253814,9606.ENSP00000254066,9606.ENSP00000256190,9606.ENSP00000256707,9606.ENSP00000260361,9606.ENSP00000260746,9606.ENSP00000261588,9606.ENSP00000261866,9606.ENSP00000264606,9606.ENSP00000264637,9606.ENSP00000265709,9606.ENSP00000266304,9606.ENSP00000267101,9606.ENSP00000268182,9606.ENSP00000271751,9606.ENSP00000274008,9606.ENSP00000274849,9606.ENSP00000282903,9606.ENSP00000286364,9606.ENSP00000288680,9606.ENSP00000289004,9606.ENSP00000296412,9606.ENSP00000297988,9606.ENSP00000299440,9606.ENSP00000303158,9606.ENSP00000306968,9606.ENSP00000307705,9606.ENSP00000315702,9606.ENSP00000319817,9606.ENSP00000322218,9606.ENSP00000322775,9606.ENSP00000324856,9606.ENSP00000332013,9606.ENSP00000333640,9606.ENSP00000337623,9606.ENSP00000337862,9606.ENSP00000338010,9606.ENSP00000338629,9606.ENSP00000340019,9606.ENSP00000341551,9606.ENSP00000343925,9606.ENSP00000344544,9606.ENSP00000345492,9606.ENSP00000346103,9606.ENSP00000347345,9606.ENSP00000348168,9606.ENSP00000349577,9606.ENSP00000350719,9606.ENSP00000354305,9606.ENSP00000358921,9606.ENSP00000359073,9606.ENSP00000359219,9606.ENSP00000360423,9606.ENSP00000360761,9606.ENSP00000361186,9606.ENSP00000364163,9606.ENSP00000364361,9606.ENSP00000365071,9606.ENSP00000365625,9606.ENSP00000365725,9606.ENSP00000366897,9606.ENSP00000368632,9606.ENSP00000368880,9606.ENSP00000368982,9606.ENSP00000373706,9606.ENSP00000374490,9606.ENSP00000376686,9606.ENSP00000377668,9606.ENSP00000378536,9606.ENSP00000379111,9606.ENSP00000380252,9606.ENSP00000382342,9606.ENSP00000382800,9606.ENSP00000385021,9606.ENSP00000385808,9606.ENSP00000387122,9606.ENSP00000387211,9606.ENSP00000391249,9606.ENSP00000393566,9606.ENSP00000397441,9606.ENSP00000401946,9606.ENSP00000402760,9606.ENSP00000403323,9606.ENSP00000405620,9606.ENSP00000406012,9606.ENSP00000407685,9606.ENSP00000408002,9606.ENSP00000408146,9606.ENSP00000416523,9606.ENSP00000417764,9606.ENSP00000417980,9606.ENSP00000418096,9606.ENSP00000418259,9606.ENSP00000426387,9606.ENSP00000433623,9606.ENSP00000438468,9606.ENSP00000443216,9606.ENSP00000446576,9606.ENSP00000454071,9606.ENSP00000455906,9606.ENSP00000456500,9606.ENSP00000457733,9606.ENSP00000462729,9606.ENSP00000468424,9606.ENSP00000469958,9606.ENSP00000473348,9606.ENSP00000474253,9606.ENSP00000474534,9606.ENSP00000478754,9606.ENSP00000482457,9606.ENSP00000482581,9606.ENSP00000485525,9606.ENSP00000491657,9606.ENSP00000496007,9606.ENSP00000496793,9606.ENSP00000497815,9606.ENSP00000497997"	"PPP5C,ABCC6,CDC6,GSR,COMP,NAGLU,IL1RL1,MFSD13A,ACADS,LRP1,IRF1,ZSWIM6,NDFIP1,RARA,SBF2,KIDINS220,NDUFAF1,ARL3,KIAA0556,SPG11,HDAC4,THRA,ANK1,TEF,ERBB3,IQGAP1,KCNH1,SPATA5,ABT1,PLOD2,RASA2,SPPL3,HPD,ADH5,AQP7,RAG1,CCDC8,CDCA7,H1-4,MOB4,OPA3,PITPNM2,RHBDF2,STK11,ZGPAT,EYA2,RNASEH2B,OVOL1,IL21R,RERE,HSPD1,SMAD4,ESR2,IKZF3,SH2B3,GPX4,POLR3H,GTF2E2,PRODH,SYNE2,ZSCAN12,ACTR1A,VAV3,KAZALD1,CACNA1B,AGPAT2,TP53RK,NOTCH4,MAP3K20,GPANK1,DHX16,ABHD12,KLF12,GATA3,FOXO1,KATNB1,DIAPH1,DNAH17,LCA5,SUOX,ZBTB46,IL4R,NFE2L2,ABCC1,RUNX3,FANCL,KIF3A,CLEC16A,IL18R1,SEPTIN9,HLA-DPA1,COG6,TNRC6B,SLC22A5,ARHGAP27,DHX30,IFT140,TNXB,VRK2,HLA-DPB1,SEMA4D,ALG2,EHMT1,SLC45A1,ZFP57,ZBTB38,TRAF6,HHAT,TMEM258,ATXN2,LDLR,MUC22,ZNF469,SLC25A24,OTUD7B,NMT1,ZNF626,H6PD,SETD1B,HSPE1-MOB4,DDX6,PLCG2,TWIST2,ADSL,LPP,SYNGAP1,COL9A3,AP5Z1,MALT1"
EFO:0005278	Cardiovascular disease biomarker measurement	66	2228	0.2	0.28	0.0375	"9606.ENSP00000216962,9606.ENSP00000233954,9606.ENSP00000243077,9606.ENSP00000245414,9606.ENSP00000245934,9606.ENSP00000253083,9606.ENSP00000256190,9606.ENSP00000260746,9606.ENSP00000261866,9606.ENSP00000261868,9606.ENSP00000262764,9606.ENSP00000264257,9606.ENSP00000265709,9606.ENSP00000266068,9606.ENSP00000266077,9606.ENSP00000271751,9606.ENSP00000305480,9606.ENSP00000314080,9606.ENSP00000315630,9606.ENSP00000319817,9606.ENSP00000322218,9606.ENSP00000324856,9606.ENSP00000325526,9606.ENSP00000328720,9606.ENSP00000332013,9606.ENSP00000333640,9606.ENSP00000338217,9606.ENSP00000345492,9606.ENSP00000350719,9606.ENSP00000358909,9606.ENSP00000364163,9606.ENSP00000364361,9606.ENSP00000366783,9606.ENSP00000366897,9606.ENSP00000368356,9606.ENSP00000368632,9606.ENSP00000368880,9606.ENSP00000374490,9606.ENSP00000376902,9606.ENSP00000378736,9606.ENSP00000381237,9606.ENSP00000382800,9606.ENSP00000384371,9606.ENSP00000387122,9606.ENSP00000387211,9606.ENSP00000390076,9606.ENSP00000391748,9606.ENSP00000401946,9606.ENSP00000402760,9606.ENSP00000407685,9606.ENSP00000408146,9606.ENSP00000409799,9606.ENSP00000426387,9606.ENSP00000427421,9606.ENSP00000443216,9606.ENSP00000446100,9606.ENSP00000446576,9606.ENSP00000454071,9606.ENSP00000456480,9606.ENSP00000465075,9606.ENSP00000468424,9606.ENSP00000474253,9606.ENSP00000475489,9606.ENSP00000479636,9606.ENSP00000482457,9606.ENSP00000498402"	"PYGB,IL1RL1,LRP1,IRF1,SYMPK,HIP1R,SBF2,ARL3,SPG11,EIF3J,PGS1,IL1RL2,ANK1,GMEB2,SLC2A4RG,KCNH1,FEN1,HIC1,SWAP70,OPA3,PITPNM2,STK11,WNT11,FOXK1,ZGPAT,EYA2,ZNF532,SH2B3,SYNE2,SFXN2,NOTCH4,MAP3K20,HECTD4,KLF12,PRKD3,GATA3,FOXO1,DNAH17,BANP,CRCP,HM13,RUNX3,BCL6,CLEC16A,IL18R1,ZSCAN31,PILRB,TNRC6B,SLC22A5,TNXB,HLA-DPB1,RPP21,ZBTB38,CDC42SE2,TMEM258,CMIP,ATXN2,LDLR,SNX29,SPC24,NMT1,SETD1B,MPHOSPH9,PLCD3,PLCG2,SUMF2"
EFO:0000719	Temporal measurement	45	1351	0.25	0.28	0.0411	"9606.ENSP00000012443,9606.ENSP00000233954,9606.ENSP00000256190,9606.ENSP00000266304,9606.ENSP00000268182,9606.ENSP00000271751,9606.ENSP00000274008,9606.ENSP00000288680,9606.ENSP00000289316,9606.ENSP00000310620,9606.ENSP00000322218,9606.ENSP00000333640,9606.ENSP00000335632,9606.ENSP00000337862,9606.ENSP00000338629,9606.ENSP00000345001,9606.ENSP00000345492,9606.ENSP00000354305,9606.ENSP00000354733,9606.ENSP00000358909,9606.ENSP00000359219,9606.ENSP00000360821,9606.ENSP00000364361,9606.ENSP00000365725,9606.ENSP00000366897,9606.ENSP00000376902,9606.ENSP00000378536,9606.ENSP00000379111,9606.ENSP00000385808,9606.ENSP00000387122,9606.ENSP00000387211,9606.ENSP00000393566,9606.ENSP00000395538,9606.ENSP00000397441,9606.ENSP00000409799,9606.ENSP00000411831,9606.ENSP00000415517,9606.ENSP00000426387,9606.ENSP00000446100,9606.ENSP00000446576,9606.ENSP00000454071,9606.ENSP00000455906,9606.ENSP00000456480,9606.ENSP00000491657,9606.ENSP00000497815"	"PPP5C,IL1RL1,SBF2,TEF,IQGAP1,KCNH1,SPATA5,SPPL3,H2BC5,SNX32,PITPNM2,EYA2,CHP1,OVOL1,RERE,CRTC1,SH2B3,ZSCAN12,SBNO2,SFXN2,KAZALD1,UBAC1,MAP3K20,ABHD12,KLF12,BANP,ZBTB46,IL4R,KIF3A,CLEC16A,IL18R1,HLA-DPA1,TNRC18,COG6,RPP21,KIF21B,TSBP1,ZBTB38,CMIP,ATXN2,LDLR,MUC22,SNX29,LPP,AP5Z1"
EFO:0004875	Mathematical ability	29	732	0.32	0.29	0.0416	"9606.ENSP00000222345,9606.ENSP00000252744,9606.ENSP00000267101,9606.ENSP00000271751,9606.ENSP00000288680,9606.ENSP00000289316,9606.ENSP00000292035,9606.ENSP00000296859,9606.ENSP00000328236,9606.ENSP00000333640,9606.ENSP00000336783,9606.ENSP00000337862,9606.ENSP00000338629,9606.ENSP00000345001,9606.ENSP00000346762,9606.ENSP00000353375,9606.ENSP00000353767,9606.ENSP00000364361,9606.ENSP00000373706,9606.ENSP00000385610,9606.ENSP00000392105,9606.ENSP00000407685,9606.ENSP00000408002,9606.ENSP00000418259,9606.ENSP00000421985,9606.ENSP00000426387,9606.ENSP00000437738,9606.ENSP00000456480,9606.ENSP00000475489"	"SIPA1L3,ZSWIM6,ERBB3,KCNH1,SPPL3,H2BC5,MED27,RAPGEF6,KNTC1,EYA2,TNRC6C,OVOL1,RERE,CRTC1,SND1,MAP4,MMP17,MAP3K20,DIAPH1,MEX3C,INAVA,TNXB,VRK2,ZFP57,FNIP1,ZBTB38,SFSWAP,SNX29,MPHOSPH9"
EFO:0006846	Autoimmune disease biomarker	26	626	0.34	0.29	0.0434	"9606.ENSP00000252087,9606.ENSP00000261438,9606.ENSP00000314080,9606.ENSP00000322218,9606.ENSP00000338629,9606.ENSP00000342322,9606.ENSP00000345492,9606.ENSP00000350719,9606.ENSP00000364163,9606.ENSP00000364349,9606.ENSP00000373706,9606.ENSP00000376955,9606.ENSP00000386921,9606.ENSP00000387462,9606.ENSP00000402760,9606.ENSP00000407685,9606.ENSP00000408146,9606.ENSP00000423674,9606.ENSP00000426387,9606.ENSP00000439601,9606.ENSP00000439800,9606.ENSP00000446576,9606.ENSP00000446880,9606.ENSP00000474253,9606.ENSP00000475489,9606.ENSP00000482457"	"PCDHGC5,KLF3,HIC1,PITPNM2,RERE,TM7SF3,SH2B3,SYNE2,NOTCH4,ATF6B,DIAPH1,DENND2C,TBC1D14,ZBTB10,SLC22A5,TNXB,HLA-DPB1,GNPDA1,ZBTB38,ARHGAP45,ZMYND8,ATXN2,BAZ2A,SETD1B,MPHOSPH9,PLCG2"
EFO:0004298	Cardiovascular measurement	69	2378	0.19	0.27	0.0442	"9606.ENSP00000216962,9606.ENSP00000222345,9606.ENSP00000233954,9606.ENSP00000243077,9606.ENSP00000245414,9606.ENSP00000245934,9606.ENSP00000253083,9606.ENSP00000256190,9606.ENSP00000260746,9606.ENSP00000261866,9606.ENSP00000261868,9606.ENSP00000262094,9606.ENSP00000262764,9606.ENSP00000264257,9606.ENSP00000265709,9606.ENSP00000266068,9606.ENSP00000266077,9606.ENSP00000271751,9606.ENSP00000305480,9606.ENSP00000314080,9606.ENSP00000315630,9606.ENSP00000319817,9606.ENSP00000322218,9606.ENSP00000324856,9606.ENSP00000325526,9606.ENSP00000328720,9606.ENSP00000332013,9606.ENSP00000333640,9606.ENSP00000337862,9606.ENSP00000338217,9606.ENSP00000345492,9606.ENSP00000350719,9606.ENSP00000358909,9606.ENSP00000364163,9606.ENSP00000364361,9606.ENSP00000366783,9606.ENSP00000366897,9606.ENSP00000368356,9606.ENSP00000368632,9606.ENSP00000368880,9606.ENSP00000374490,9606.ENSP00000376902,9606.ENSP00000378736,9606.ENSP00000381237,9606.ENSP00000382800,9606.ENSP00000384371,9606.ENSP00000387122,9606.ENSP00000387211,9606.ENSP00000390076,9606.ENSP00000391748,9606.ENSP00000401946,9606.ENSP00000402760,9606.ENSP00000407685,9606.ENSP00000408146,9606.ENSP00000409799,9606.ENSP00000426387,9606.ENSP00000427421,9606.ENSP00000443216,9606.ENSP00000446100,9606.ENSP00000446576,9606.ENSP00000454071,9606.ENSP00000456480,9606.ENSP00000465075,9606.ENSP00000468424,9606.ENSP00000474253,9606.ENSP00000475489,9606.ENSP00000479636,9606.ENSP00000482457,9606.ENSP00000498402"	"PYGB,SIPA1L3,IL1RL1,LRP1,IRF1,SYMPK,HIP1R,SBF2,ARL3,SPG11,EIF3J,RAB27B,PGS1,IL1RL2,ANK1,GMEB2,SLC2A4RG,KCNH1,FEN1,HIC1,SWAP70,OPA3,PITPNM2,STK11,WNT11,FOXK1,ZGPAT,EYA2,OVOL1,ZNF532,SH2B3,SYNE2,SFXN2,NOTCH4,MAP3K20,HECTD4,KLF12,PRKD3,GATA3,FOXO1,DNAH17,BANP,CRCP,HM13,RUNX3,BCL6,CLEC16A,IL18R1,ZSCAN31,PILRB,TNRC6B,SLC22A5,TNXB,HLA-DPB1,RPP21,ZBTB38,CDC42SE2,TMEM258,CMIP,ATXN2,LDLR,SNX29,SPC24,NMT1,SETD1B,MPHOSPH9,PLCD3,PLCG2,SUMF2"